Copyright 1986-2017 Xilinx, Inc. All Rights Reserved.
-----------------------------------------------------------------------------------------------------------------------------------------------
| Tool Version : Vivado v.2017.4 (win64) Build 2086221 Fri Dec 15 20:55:39 MST 2017
| Date         : Wed May 27 23:57:58 2026
| Host         : LAPTOP-VP5TT6HP running 64-bit major release  (build 9200)
| Command      : report_timing_summary -max_paths 10 -file top_timing_summary_routed.rpt -rpx top_timing_summary_routed.rpx -warn_on_violation
| Design       : top
| Device       : 7a35t-cpg236
| Speed File   : -1  PRODUCTION 1.20 2017-11-01
-----------------------------------------------------------------------------------------------------------------------------------------------

Timing Summary Report

------------------------------------------------------------------------------------------------
| Timer Settings
| --------------
------------------------------------------------------------------------------------------------

  Enable Multi Corner Analysis               :  Yes
  Enable Pessimism Removal                   :  Yes
  Pessimism Removal Resolution               :  Nearest Common Node
  Enable Input Delay Default Clock           :  No
  Enable Preset / Clear Arcs                 :  No
  Disable Flight Delays                      :  No
  Ignore I/O Paths                           :  No
  Timing Early Launch at Borrowing Latches   :  false

  Corner  Analyze    Analyze    
  Name    Max Paths  Min Paths  
  ------  ---------  ---------  
  Slow    Yes        Yes        
  Fast    Yes        Yes        



check_timing report

Table of Contents
-----------------
1. checking no_clock
2. checking constant_clock
3. checking pulse_width_clock
4. checking unconstrained_internal_endpoints
5. checking no_input_delay
6. checking no_output_delay
7. checking multiple_clock
8. checking generated_clocks
9. checking loops
10. checking partial_input_delay
11. checking partial_output_delay
12. checking latch_loops

1. checking no_clock
--------------------
 There are 0 register/latch pins with no clock.


2. checking constant_clock
--------------------------
 There are 0 register/latch pins with constant_clock.


3. checking pulse_width_clock
-----------------------------
 There are 0 register/latch pins which need pulse_width check


4. checking unconstrained_internal_endpoints
--------------------------------------------
 There are 0 pins that are not constrained for maximum delay.

 There are 0 pins that are not constrained for maximum delay due to constant clock.


5. checking no_input_delay
--------------------------
 There are 7 input ports with no input delay specified. (HIGH)

 There are 0 input ports with no input delay but user has a false path constraint.


6. checking no_output_delay
---------------------------
 There are 42 ports with no output delay specified. (HIGH)

 There are 0 ports with no output delay but user has a false path constraint

 There are 0 ports with no output delay but with a timing clock defined on it or propagating through it


7. checking multiple_clock
--------------------------
 There are 0 register/latch pins with multiple clocks.


8. checking generated_clocks
----------------------------
 There are 0 generated clocks that are not connected to a clock source.


9. checking loops
-----------------
 There are 0 combinational loops in the design.


10. checking partial_input_delay
--------------------------------
 There are 0 input ports with partial input delay specified.


11. checking partial_output_delay
---------------------------------
 There are 0 ports with partial output delay specified.


12. checking latch_loops
------------------------
 There are 0 combinational latch loops in the design through latch input



------------------------------------------------------------------------------------------------
| Design Timing Summary
| ---------------------
------------------------------------------------------------------------------------------------

    WNS(ns)      TNS(ns)  TNS Failing Endpoints  TNS Total Endpoints      WHS(ns)      THS(ns)  THS Failing Endpoints  THS Total Endpoints     WPWS(ns)     TPWS(ns)  TPWS Failing Endpoints  TPWS Total Endpoints  
    -------      -------  ---------------------  -------------------      -------      -------  ---------------------  -------------------     --------     --------  ----------------------  --------------------  
     -0.754      -20.222                     55                 1039        0.093        0.000                      0                 1039        4.500        0.000                       0                   523  


Timing constraints are not met.


------------------------------------------------------------------------------------------------
| Clock Summary
| -------------
------------------------------------------------------------------------------------------------

Clock        Waveform(ns)       Period(ns)      Frequency(MHz)
-----        ------------       ----------      --------------
sys_clk_pin  {0.000 5.000}      10.000          100.000         


------------------------------------------------------------------------------------------------
| Intra Clock Table
| -----------------
------------------------------------------------------------------------------------------------

Clock             WNS(ns)      TNS(ns)  TNS Failing Endpoints  TNS Total Endpoints      WHS(ns)      THS(ns)  THS Failing Endpoints  THS Total Endpoints     WPWS(ns)     TPWS(ns)  TPWS Failing Endpoints  TPWS Total Endpoints  
-----             -------      -------  ---------------------  -------------------      -------      -------  ---------------------  -------------------     --------     --------  ----------------------  --------------------  
sys_clk_pin        -0.754      -20.222                     55                  833        0.093        0.000                      0                  833        4.500        0.000                       0                   523  


------------------------------------------------------------------------------------------------
| Inter Clock Table
| -----------------
------------------------------------------------------------------------------------------------

From Clock    To Clock          WNS(ns)      TNS(ns)  TNS Failing Endpoints  TNS Total Endpoints      WHS(ns)      THS(ns)  THS Failing Endpoints  THS Total Endpoints  
----------    --------          -------      -------  ---------------------  -------------------      -------      -------  ---------------------  -------------------  


------------------------------------------------------------------------------------------------
| Other Path Groups Table
| -----------------------
------------------------------------------------------------------------------------------------

Path Group         From Clock         To Clock               WNS(ns)      TNS(ns)  TNS Failing Endpoints  TNS Total Endpoints      WHS(ns)      THS(ns)  THS Failing Endpoints  THS Total Endpoints  
----------         ----------         --------               -------      -------  ---------------------  -------------------      -------      -------  ---------------------  -------------------  
**async_default**  sys_clk_pin        sys_clk_pin              3.408        0.000                      0                  206        0.966        0.000                      0                  206  


------------------------------------------------------------------------------------------------
| Timing Details
| --------------
------------------------------------------------------------------------------------------------


---------------------------------------------------------------------------------------------------
From Clock:  sys_clk_pin
  To Clock:  sys_clk_pin

Setup :           55  Failing Endpoints,  Worst Slack       -0.754ns,  Total Violation      -20.222ns
Hold  :            0  Failing Endpoints,  Worst Slack        0.093ns,  Total Violation        0.000ns
PW    :            0  Failing Endpoints,  Worst Slack        4.500ns,  Total Violation        0.000ns
---------------------------------------------------------------------------------------------------


Max Delay Paths
--------------------------------------------------------------------------------------
Slack (VIOLATED) :        -0.754ns  (required time - arrival time)
  Source:                 u_p2/tile_x_reg[4]/C
                            (rising edge-triggered cell FDPE clocked by sys_clk_pin  {rise@0.000ns fall@5.000ns period=10.000ns})
  Destination:            u_stations/cook_item_reg[2][0]/CE
                            (rising edge-triggered cell FDCE clocked by sys_clk_pin  {rise@0.000ns fall@5.000ns period=10.000ns})
  Path Group:             sys_clk_pin
  Path Type:              Setup (Max at Slow Process Corner)
  Requirement:            10.000ns  (sys_clk_pin rise@10.000ns - sys_clk_pin rise@0.000ns)
  Data Path Delay:        10.440ns  (logic 2.718ns (26.035%)  route 7.722ns (73.965%))
  Logic Levels:           13  (LUT2=2 LUT3=2 LUT4=3 LUT5=4 LUT6=2)
  Clock Path Skew:        -0.110ns (DCD - SCD + CPR)
    Destination Clock Delay (DCD):    4.786ns = ( 14.786 - 10.000 ) 
    Source Clock Delay      (SCD):    5.156ns
    Clock Pessimism Removal (CPR):    0.260ns
  Clock Uncertainty:      0.035ns  ((TSJ^2 + TIJ^2)^1/2 + DJ) / 2 + PE
    Total System Jitter     (TSJ):    0.071ns
    Total Input Jitter      (TIJ):    0.000ns
    Discrete Jitter          (DJ):    0.000ns
    Phase Error              (PE):    0.000ns

    Location             Delay type                Incr(ns)  Path(ns)    Netlist Resource(s)
  -------------------------------------------------------------------    -------------------
                         (clock sys_clk_pin rise edge)
                                                      0.000     0.000 r  
    W5                                                0.000     0.000 r  clk (IN)
                         net (fo=0)                   0.000     0.000    clk
    W5                   IBUF (Prop_ibuf_I_O)         1.458     1.458 r  clk_IBUF_inst/O
                         net (fo=1, routed)           1.967     3.425    clk_IBUF
    BUFGCTRL_X0Y0        BUFG (Prop_bufg_I_O)         0.096     3.521 r  clk_IBUF_BUFG_inst/O
                         net (fo=522, routed)         1.635     5.156    u_p2/CLK
    SLICE_X60Y39         FDPE                                         r  u_p2/tile_x_reg[4]/C
  -------------------------------------------------------------------    -------------------
    SLICE_X60Y39         FDPE (Prop_fdpe_C_Q)         0.478     5.634 f  u_p2/tile_x_reg[4]/Q
                         net (fo=30, routed)          1.303     6.938    u_p2/p2_tx[4]
    SLICE_X54Y39         LUT4 (Prop_lut4_I2_O)        0.320     7.258 f  u_p2/cook_item[1][2]_i_21/O
                         net (fo=3, routed)           0.714     7.972    u_p2/cook_item[1][2]_i_21_n_0
    SLICE_X54Y38         LUT6 (Prop_lut6_I0_O)        0.328     8.300 f  u_p2/cook_item[1][2]_i_10/O
                         net (fo=2, routed)           0.666     8.966    u_p2/cook_item[1][2]_i_10_n_0
    SLICE_X54Y36         LUT2 (Prop_lut2_I0_O)        0.148     9.114 r  u_p2/cook_item[1][4]_i_15/O
                         net (fo=8, routed)           0.841     9.954    u_p2/cook_item_reg[1][3]
    SLICE_X52Y36         LUT4 (Prop_lut4_I2_O)        0.328    10.282 f  u_p2/p2_item[2]_i_10/O
                         net (fo=2, routed)           0.647    10.929    u_stations/tile_y_reg[0]_0
    SLICE_X53Y37         LUT2 (Prop_lut2_I1_O)        0.124    11.053 f  u_stations/p2_item[2]_i_4/O
                         net (fo=4, routed)           0.313    11.366    u_p2/p2_item_reg[4]_5
    SLICE_X53Y37         LUT6 (Prop_lut6_I0_O)        0.124    11.490 f  u_p2/p2_item[0]_i_2/O
                         net (fo=2, routed)           0.317    11.807    u_p2/p2_item_reg[0]
    SLICE_X52Y35         LUT5 (Prop_lut5_I4_O)        0.124    11.931 f  u_p2/cook_item[1][2]_i_8/O
                         net (fo=3, routed)           0.186    12.117    u_p2/cook_item_reg[1][2]_2
    SLICE_X52Y35         LUT5 (Prop_lut5_I3_O)        0.124    12.241 r  u_p2/cook_item[1][2]_i_2/O
                         net (fo=6, routed)           0.315    12.556    u_stations/tile_x_reg[2]_0
    SLICE_X53Y36         LUT3 (Prop_lut3_I0_O)        0.124    12.680 r  u_stations/cook_item[2][2]_i_3/O
                         net (fo=4, routed)           0.613    13.293    u_stations/cook_item[2][2]_i_3_n_0
    SLICE_X52Y34         LUT3 (Prop_lut3_I0_O)        0.124    13.417 r  u_stations/cook_item[2][4]_i_10/O
                         net (fo=3, routed)           0.445    13.861    u_stations/cook_item[2][4]_i_10_n_0
    SLICE_X52Y34         LUT5 (Prop_lut5_I0_O)        0.124    13.985 r  u_stations/cook_burn_timer[2][2]_i_4/O
                         net (fo=7, routed)           0.687    14.672    u_stations/cook_burn_timer[2][2]_i_4_n_0
    SLICE_X52Y34         LUT5 (Prop_lut5_I0_O)        0.124    14.796 r  u_stations/cook_item[2][4]_i_3/O
                         net (fo=6, routed)           0.333    15.130    u_stations/cook_item[2][4]_i_3_n_0
    SLICE_X51Y34         LUT4 (Prop_lut4_I0_O)        0.124    15.254 r  u_stations/cook_item[2][4]_i_1/O
                         net (fo=5, routed)           0.342    15.596    u_stations/cook_item[2][4]_i_1_n_0
    SLICE_X50Y33         FDCE                                         r  u_stations/cook_item_reg[2][0]/CE
  -------------------------------------------------------------------    -------------------

                         (clock sys_clk_pin rise edge)
                                                     10.000    10.000 r  
    W5                                                0.000    10.000 r  clk (IN)
                         net (fo=0)                   0.000    10.000    clk
    W5                   IBUF (Prop_ibuf_I_O)         1.388    11.388 r  clk_IBUF_inst/O
                         net (fo=1, routed)           1.862    13.250    clk_IBUF
    BUFGCTRL_X0Y0        BUFG (Prop_bufg_I_O)         0.091    13.341 r  clk_IBUF_BUFG_inst/O
                         net (fo=522, routed)         1.445    14.786    u_stations/CLK
    SLICE_X50Y33         FDCE                                         r  u_stations/cook_item_reg[2][0]/C
                         clock pessimism              0.260    15.046    
                         clock uncertainty           -0.035    15.011    
    SLICE_X50Y33         FDCE (Setup_fdce_C_CE)      -0.169    14.842    u_stations/cook_item_reg[2][0]
  -------------------------------------------------------------------
                         required time                         14.842    
                         arrival time                         -15.596    
  -------------------------------------------------------------------
                         slack                                 -0.754    

Slack (VIOLATED) :        -0.754ns  (required time - arrival time)
  Source:                 u_p2/tile_x_reg[4]/C
                            (rising edge-triggered cell FDPE clocked by sys_clk_pin  {rise@0.000ns fall@5.000ns period=10.000ns})
  Destination:            u_stations/cook_item_reg[2][4]/CE
                            (rising edge-triggered cell FDCE clocked by sys_clk_pin  {rise@0.000ns fall@5.000ns period=10.000ns})
  Path Group:             sys_clk_pin
  Path Type:              Setup (Max at Slow Process Corner)
  Requirement:            10.000ns  (sys_clk_pin rise@10.000ns - sys_clk_pin rise@0.000ns)
  Data Path Delay:        10.440ns  (logic 2.718ns (26.035%)  route 7.722ns (73.965%))
  Logic Levels:           13  (LUT2=2 LUT3=2 LUT4=3 LUT5=4 LUT6=2)
  Clock Path Skew:        -0.110ns (DCD - SCD + CPR)
    Destination Clock Delay (DCD):    4.786ns = ( 14.786 - 10.000 ) 
    Source Clock Delay      (SCD):    5.156ns
    Clock Pessimism Removal (CPR):    0.260ns
  Clock Uncertainty:      0.035ns  ((TSJ^2 + TIJ^2)^1/2 + DJ) / 2 + PE
    Total System Jitter     (TSJ):    0.071ns
    Total Input Jitter      (TIJ):    0.000ns
    Discrete Jitter          (DJ):    0.000ns
    Phase Error              (PE):    0.000ns

    Location             Delay type                Incr(ns)  Path(ns)    Netlist Resource(s)
  -------------------------------------------------------------------    -------------------
                         (clock sys_clk_pin rise edge)
                                                      0.000     0.000 r  
    W5                                                0.000     0.000 r  clk (IN)
                         net (fo=0)                   0.000     0.000    clk
    W5                   IBUF (Prop_ibuf_I_O)         1.458     1.458 r  clk_IBUF_inst/O
                         net (fo=1, routed)           1.967     3.425    clk_IBUF
    BUFGCTRL_X0Y0        BUFG (Prop_bufg_I_O)         0.096     3.521 r  clk_IBUF_BUFG_inst/O
                         net (fo=522, routed)         1.635     5.156    u_p2/CLK
    SLICE_X60Y39         FDPE                                         r  u_p2/tile_x_reg[4]/C
  -------------------------------------------------------------------    -------------------
    SLICE_X60Y39         FDPE (Prop_fdpe_C_Q)         0.478     5.634 f  u_p2/tile_x_reg[4]/Q
                         net (fo=30, routed)          1.303     6.938    u_p2/p2_tx[4]
    SLICE_X54Y39         LUT4 (Prop_lut4_I2_O)        0.320     7.258 f  u_p2/cook_item[1][2]_i_21/O
                         net (fo=3, routed)           0.714     7.972    u_p2/cook_item[1][2]_i_21_n_0
    SLICE_X54Y38         LUT6 (Prop_lut6_I0_O)        0.328     8.300 f  u_p2/cook_item[1][2]_i_10/O
                         net (fo=2, routed)           0.666     8.966    u_p2/cook_item[1][2]_i_10_n_0
    SLICE_X54Y36         LUT2 (Prop_lut2_I0_O)        0.148     9.114 r  u_p2/cook_item[1][4]_i_15/O
                         net (fo=8, routed)           0.841     9.954    u_p2/cook_item_reg[1][3]
    SLICE_X52Y36         LUT4 (Prop_lut4_I2_O)        0.328    10.282 f  u_p2/p2_item[2]_i_10/O
                         net (fo=2, routed)           0.647    10.929    u_stations/tile_y_reg[0]_0
    SLICE_X53Y37         LUT2 (Prop_lut2_I1_O)        0.124    11.053 f  u_stations/p2_item[2]_i_4/O
                         net (fo=4, routed)           0.313    11.366    u_p2/p2_item_reg[4]_5
    SLICE_X53Y37         LUT6 (Prop_lut6_I0_O)        0.124    11.490 f  u_p2/p2_item[0]_i_2/O
                         net (fo=2, routed)           0.317    11.807    u_p2/p2_item_reg[0]
    SLICE_X52Y35         LUT5 (Prop_lut5_I4_O)        0.124    11.931 f  u_p2/cook_item[1][2]_i_8/O
                         net (fo=3, routed)           0.186    12.117    u_p2/cook_item_reg[1][2]_2
    SLICE_X52Y35         LUT5 (Prop_lut5_I3_O)        0.124    12.241 r  u_p2/cook_item[1][2]_i_2/O
                         net (fo=6, routed)           0.315    12.556    u_stations/tile_x_reg[2]_0
    SLICE_X53Y36         LUT3 (Prop_lut3_I0_O)        0.124    12.680 r  u_stations/cook_item[2][2]_i_3/O
                         net (fo=4, routed)           0.613    13.293    u_stations/cook_item[2][2]_i_3_n_0
    SLICE_X52Y34         LUT3 (Prop_lut3_I0_O)        0.124    13.417 r  u_stations/cook_item[2][4]_i_10/O
                         net (fo=3, routed)           0.445    13.861    u_stations/cook_item[2][4]_i_10_n_0
    SLICE_X52Y34         LUT5 (Prop_lut5_I0_O)        0.124    13.985 r  u_stations/cook_burn_timer[2][2]_i_4/O
                         net (fo=7, routed)           0.687    14.672    u_stations/cook_burn_timer[2][2]_i_4_n_0
    SLICE_X52Y34         LUT5 (Prop_lut5_I0_O)        0.124    14.796 r  u_stations/cook_item[2][4]_i_3/O
                         net (fo=6, routed)           0.333    15.130    u_stations/cook_item[2][4]_i_3_n_0
    SLICE_X51Y34         LUT4 (Prop_lut4_I0_O)        0.124    15.254 r  u_stations/cook_item[2][4]_i_1/O
                         net (fo=5, routed)           0.342    15.596    u_stations/cook_item[2][4]_i_1_n_0
    SLICE_X50Y33         FDCE                                         r  u_stations/cook_item_reg[2][4]/CE
  -------------------------------------------------------------------    -------------------

                         (clock sys_clk_pin rise edge)
                                                     10.000    10.000 r  
    W5                                                0.000    10.000 r  clk (IN)
                         net (fo=0)                   0.000    10.000    clk
    W5                   IBUF (Prop_ibuf_I_O)         1.388    11.388 r  clk_IBUF_inst/O
                         net (fo=1, routed)           1.862    13.250    clk_IBUF
    BUFGCTRL_X0Y0        BUFG (Prop_bufg_I_O)         0.091    13.341 r  clk_IBUF_BUFG_inst/O
                         net (fo=522, routed)         1.445    14.786    u_stations/CLK
    SLICE_X50Y33         FDCE                                         r  u_stations/cook_item_reg[2][4]/C
                         clock pessimism              0.260    15.046    
                         clock uncertainty           -0.035    15.011    
    SLICE_X50Y33         FDCE (Setup_fdce_C_CE)      -0.169    14.842    u_stations/cook_item_reg[2][4]
  -------------------------------------------------------------------
                         required time                         14.842    
                         arrival time                         -15.596    
  -------------------------------------------------------------------
                         slack                                 -0.754    

Slack (VIOLATED) :        -0.749ns  (required time - arrival time)
  Source:                 u_p2/tile_x_reg[4]/C
                            (rising edge-triggered cell FDPE clocked by sys_clk_pin  {rise@0.000ns fall@5.000ns period=10.000ns})
  Destination:            u_stations/cook_burn_timer_reg[2][0]/CE
                            (rising edge-triggered cell FDCE clocked by sys_clk_pin  {rise@0.000ns fall@5.000ns period=10.000ns})
  Path Group:             sys_clk_pin
  Path Type:              Setup (Max at Slow Process Corner)
  Requirement:            10.000ns  (sys_clk_pin rise@10.000ns - sys_clk_pin rise@0.000ns)
  Data Path Delay:        10.435ns  (logic 2.718ns (26.047%)  route 7.717ns (73.953%))
  Logic Levels:           13  (LUT2=2 LUT3=3 LUT4=2 LUT5=4 LUT6=2)
  Clock Path Skew:        -0.110ns (DCD - SCD + CPR)
    Destination Clock Delay (DCD):    4.786ns = ( 14.786 - 10.000 ) 
    Source Clock Delay      (SCD):    5.156ns
    Clock Pessimism Removal (CPR):    0.260ns
  Clock Uncertainty:      0.035ns  ((TSJ^2 + TIJ^2)^1/2 + DJ) / 2 + PE
    Total System Jitter     (TSJ):    0.071ns
    Total Input Jitter      (TIJ):    0.000ns
    Discrete Jitter          (DJ):    0.000ns
    Phase Error              (PE):    0.000ns

    Location             Delay type                Incr(ns)  Path(ns)    Netlist Resource(s)
  -------------------------------------------------------------------    -------------------
                         (clock sys_clk_pin rise edge)
                                                      0.000     0.000 r  
    W5                                                0.000     0.000 r  clk (IN)
                         net (fo=0)                   0.000     0.000    clk
    W5                   IBUF (Prop_ibuf_I_O)         1.458     1.458 r  clk_IBUF_inst/O
                         net (fo=1, routed)           1.967     3.425    clk_IBUF
    BUFGCTRL_X0Y0        BUFG (Prop_bufg_I_O)         0.096     3.521 r  clk_IBUF_BUFG_inst/O
                         net (fo=522, routed)         1.635     5.156    u_p2/CLK
    SLICE_X60Y39         FDPE                                         r  u_p2/tile_x_reg[4]/C
  -------------------------------------------------------------------    -------------------
    SLICE_X60Y39         FDPE (Prop_fdpe_C_Q)         0.478     5.634 f  u_p2/tile_x_reg[4]/Q
                         net (fo=30, routed)          1.303     6.938    u_p2/p2_tx[4]
    SLICE_X54Y39         LUT4 (Prop_lut4_I2_O)        0.320     7.258 f  u_p2/cook_item[1][2]_i_21/O
                         net (fo=3, routed)           0.714     7.972    u_p2/cook_item[1][2]_i_21_n_0
    SLICE_X54Y38         LUT6 (Prop_lut6_I0_O)        0.328     8.300 f  u_p2/cook_item[1][2]_i_10/O
                         net (fo=2, routed)           0.666     8.966    u_p2/cook_item[1][2]_i_10_n_0
    SLICE_X54Y36         LUT2 (Prop_lut2_I0_O)        0.148     9.114 r  u_p2/cook_item[1][4]_i_15/O
                         net (fo=8, routed)           0.841     9.954    u_p2/cook_item_reg[1][3]
    SLICE_X52Y36         LUT4 (Prop_lut4_I2_O)        0.328    10.282 f  u_p2/p2_item[2]_i_10/O
                         net (fo=2, routed)           0.647    10.929    u_stations/tile_y_reg[0]_0
    SLICE_X53Y37         LUT2 (Prop_lut2_I1_O)        0.124    11.053 f  u_stations/p2_item[2]_i_4/O
                         net (fo=4, routed)           0.313    11.366    u_p2/p2_item_reg[4]_5
    SLICE_X53Y37         LUT6 (Prop_lut6_I0_O)        0.124    11.490 f  u_p2/p2_item[0]_i_2/O
                         net (fo=2, routed)           0.317    11.807    u_p2/p2_item_reg[0]
    SLICE_X52Y35         LUT5 (Prop_lut5_I4_O)        0.124    11.931 f  u_p2/cook_item[1][2]_i_8/O
                         net (fo=3, routed)           0.186    12.117    u_p2/cook_item_reg[1][2]_2
    SLICE_X52Y35         LUT5 (Prop_lut5_I3_O)        0.124    12.241 r  u_p2/cook_item[1][2]_i_2/O
                         net (fo=6, routed)           0.315    12.556    u_stations/tile_x_reg[2]_0
    SLICE_X53Y36         LUT3 (Prop_lut3_I0_O)        0.124    12.680 r  u_stations/cook_item[2][2]_i_3/O
                         net (fo=4, routed)           0.613    13.293    u_stations/cook_item[2][2]_i_3_n_0
    SLICE_X52Y34         LUT3 (Prop_lut3_I0_O)        0.124    13.417 r  u_stations/cook_item[2][4]_i_10/O
                         net (fo=3, routed)           0.445    13.861    u_stations/cook_item[2][4]_i_10_n_0
    SLICE_X52Y34         LUT5 (Prop_lut5_I0_O)        0.124    13.985 r  u_stations/cook_burn_timer[2][2]_i_4/O
                         net (fo=7, routed)           0.687    14.672    u_stations/cook_burn_timer[2][2]_i_4_n_0
    SLICE_X52Y34         LUT5 (Prop_lut5_I0_O)        0.124    14.796 r  u_stations/cook_item[2][4]_i_3/O
                         net (fo=6, routed)           0.327    15.124    u_stations/cook_item[2][4]_i_3_n_0
    SLICE_X53Y34         LUT3 (Prop_lut3_I2_O)        0.124    15.248 r  u_stations/cook_burn_timer[2][3]_i_1/O
                         net (fo=4, routed)           0.344    15.591    u_stations/cook_burn_timer[2][3]_i_1_n_0
    SLICE_X52Y33         FDCE                                         r  u_stations/cook_burn_timer_reg[2][0]/CE
  -------------------------------------------------------------------    -------------------

                         (clock sys_clk_pin rise edge)
                                                     10.000    10.000 r  
    W5                                                0.000    10.000 r  clk (IN)
                         net (fo=0)                   0.000    10.000    clk
    W5                   IBUF (Prop_ibuf_I_O)         1.388    11.388 r  clk_IBUF_inst/O
                         net (fo=1, routed)           1.862    13.250    clk_IBUF
    BUFGCTRL_X0Y0        BUFG (Prop_bufg_I_O)         0.091    13.341 r  clk_IBUF_BUFG_inst/O
                         net (fo=522, routed)         1.445    14.786    u_stations/CLK
    SLICE_X52Y33         FDCE                                         r  u_stations/cook_burn_timer_reg[2][0]/C
                         clock pessimism              0.260    15.046    
                         clock uncertainty           -0.035    15.011    
    SLICE_X52Y33         FDCE (Setup_fdce_C_CE)      -0.169    14.842    u_stations/cook_burn_timer_reg[2][0]
  -------------------------------------------------------------------
                         required time                         14.842    
                         arrival time                         -15.591    
  -------------------------------------------------------------------
                         slack                                 -0.749    

Slack (VIOLATED) :        -0.745ns  (required time - arrival time)
  Source:                 u_p2/tile_x_reg[4]/C
                            (rising edge-triggered cell FDPE clocked by sys_clk_pin  {rise@0.000ns fall@5.000ns period=10.000ns})
  Destination:            u_stations/cook_item_reg[2][1]/CE
                            (rising edge-triggered cell FDCE clocked by sys_clk_pin  {rise@0.000ns fall@5.000ns period=10.000ns})
  Path Group:             sys_clk_pin
  Path Type:              Setup (Max at Slow Process Corner)
  Requirement:            10.000ns  (sys_clk_pin rise@10.000ns - sys_clk_pin rise@0.000ns)
  Data Path Delay:        10.432ns  (logic 2.718ns (26.055%)  route 7.714ns (73.945%))
  Logic Levels:           13  (LUT2=2 LUT3=2 LUT4=3 LUT5=4 LUT6=2)
  Clock Path Skew:        -0.109ns (DCD - SCD + CPR)
    Destination Clock Delay (DCD):    4.787ns = ( 14.787 - 10.000 ) 
    Source Clock Delay      (SCD):    5.156ns
    Clock Pessimism Removal (CPR):    0.260ns
  Clock Uncertainty:      0.035ns  ((TSJ^2 + TIJ^2)^1/2 + DJ) / 2 + PE
    Total System Jitter     (TSJ):    0.071ns
    Total Input Jitter      (TIJ):    0.000ns
    Discrete Jitter          (DJ):    0.000ns
    Phase Error              (PE):    0.000ns

    Location             Delay type                Incr(ns)  Path(ns)    Netlist Resource(s)
  -------------------------------------------------------------------    -------------------
                         (clock sys_clk_pin rise edge)
                                                      0.000     0.000 r  
    W5                                                0.000     0.000 r  clk (IN)
                         net (fo=0)                   0.000     0.000    clk
    W5                   IBUF (Prop_ibuf_I_O)         1.458     1.458 r  clk_IBUF_inst/O
                         net (fo=1, routed)           1.967     3.425    clk_IBUF
    BUFGCTRL_X0Y0        BUFG (Prop_bufg_I_O)         0.096     3.521 r  clk_IBUF_BUFG_inst/O
                         net (fo=522, routed)         1.635     5.156    u_p2/CLK
    SLICE_X60Y39         FDPE                                         r  u_p2/tile_x_reg[4]/C
  -------------------------------------------------------------------    -------------------
    SLICE_X60Y39         FDPE (Prop_fdpe_C_Q)         0.478     5.634 f  u_p2/tile_x_reg[4]/Q
                         net (fo=30, routed)          1.303     6.938    u_p2/p2_tx[4]
    SLICE_X54Y39         LUT4 (Prop_lut4_I2_O)        0.320     7.258 f  u_p2/cook_item[1][2]_i_21/O
                         net (fo=3, routed)           0.714     7.972    u_p2/cook_item[1][2]_i_21_n_0
    SLICE_X54Y38         LUT6 (Prop_lut6_I0_O)        0.328     8.300 f  u_p2/cook_item[1][2]_i_10/O
                         net (fo=2, routed)           0.666     8.966    u_p2/cook_item[1][2]_i_10_n_0
    SLICE_X54Y36         LUT2 (Prop_lut2_I0_O)        0.148     9.114 r  u_p2/cook_item[1][4]_i_15/O
                         net (fo=8, routed)           0.841     9.954    u_p2/cook_item_reg[1][3]
    SLICE_X52Y36         LUT4 (Prop_lut4_I2_O)        0.328    10.282 f  u_p2/p2_item[2]_i_10/O
                         net (fo=2, routed)           0.647    10.929    u_stations/tile_y_reg[0]_0
    SLICE_X53Y37         LUT2 (Prop_lut2_I1_O)        0.124    11.053 f  u_stations/p2_item[2]_i_4/O
                         net (fo=4, routed)           0.313    11.366    u_p2/p2_item_reg[4]_5
    SLICE_X53Y37         LUT6 (Prop_lut6_I0_O)        0.124    11.490 f  u_p2/p2_item[0]_i_2/O
                         net (fo=2, routed)           0.317    11.807    u_p2/p2_item_reg[0]
    SLICE_X52Y35         LUT5 (Prop_lut5_I4_O)        0.124    11.931 f  u_p2/cook_item[1][2]_i_8/O
                         net (fo=3, routed)           0.186    12.117    u_p2/cook_item_reg[1][2]_2
    SLICE_X52Y35         LUT5 (Prop_lut5_I3_O)        0.124    12.241 r  u_p2/cook_item[1][2]_i_2/O
                         net (fo=6, routed)           0.315    12.556    u_stations/tile_x_reg[2]_0
    SLICE_X53Y36         LUT3 (Prop_lut3_I0_O)        0.124    12.680 r  u_stations/cook_item[2][2]_i_3/O
                         net (fo=4, routed)           0.613    13.293    u_stations/cook_item[2][2]_i_3_n_0
    SLICE_X52Y34         LUT3 (Prop_lut3_I0_O)        0.124    13.417 r  u_stations/cook_item[2][4]_i_10/O
                         net (fo=3, routed)           0.445    13.861    u_stations/cook_item[2][4]_i_10_n_0
    SLICE_X52Y34         LUT5 (Prop_lut5_I0_O)        0.124    13.985 r  u_stations/cook_burn_timer[2][2]_i_4/O
                         net (fo=7, routed)           0.687    14.672    u_stations/cook_burn_timer[2][2]_i_4_n_0
    SLICE_X52Y34         LUT5 (Prop_lut5_I0_O)        0.124    14.796 r  u_stations/cook_item[2][4]_i_3/O
                         net (fo=6, routed)           0.333    15.130    u_stations/cook_item[2][4]_i_3_n_0
    SLICE_X51Y34         LUT4 (Prop_lut4_I0_O)        0.124    15.254 r  u_stations/cook_item[2][4]_i_1/O
                         net (fo=5, routed)           0.334    15.588    u_stations/cook_item[2][4]_i_1_n_0
    SLICE_X52Y34         FDCE                                         r  u_stations/cook_item_reg[2][1]/CE
  -------------------------------------------------------------------    -------------------

                         (clock sys_clk_pin rise edge)
                                                     10.000    10.000 r  
    W5                                                0.000    10.000 r  clk (IN)
                         net (fo=0)                   0.000    10.000    clk
    W5                   IBUF (Prop_ibuf_I_O)         1.388    11.388 r  clk_IBUF_inst/O
                         net (fo=1, routed)           1.862    13.250    clk_IBUF
    BUFGCTRL_X0Y0        BUFG (Prop_bufg_I_O)         0.091    13.341 r  clk_IBUF_BUFG_inst/O
                         net (fo=522, routed)         1.446    14.787    u_stations/CLK
    SLICE_X52Y34         FDCE                                         r  u_stations/cook_item_reg[2][1]/C
                         clock pessimism              0.260    15.047    
                         clock uncertainty           -0.035    15.012    
    SLICE_X52Y34         FDCE (Setup_fdce_C_CE)      -0.169    14.843    u_stations/cook_item_reg[2][1]
  -------------------------------------------------------------------
                         required time                         14.843    
                         arrival time                         -15.588    
  -------------------------------------------------------------------
                         slack                                 -0.745    

Slack (VIOLATED) :        -0.745ns  (required time - arrival time)
  Source:                 u_p2/tile_x_reg[4]/C
                            (rising edge-triggered cell FDPE clocked by sys_clk_pin  {rise@0.000ns fall@5.000ns period=10.000ns})
  Destination:            u_stations/cook_item_reg[2][2]/CE
                            (rising edge-triggered cell FDCE clocked by sys_clk_pin  {rise@0.000ns fall@5.000ns period=10.000ns})
  Path Group:             sys_clk_pin
  Path Type:              Setup (Max at Slow Process Corner)
  Requirement:            10.000ns  (sys_clk_pin rise@10.000ns - sys_clk_pin rise@0.000ns)
  Data Path Delay:        10.432ns  (logic 2.718ns (26.055%)  route 7.714ns (73.945%))
  Logic Levels:           13  (LUT2=2 LUT3=2 LUT4=3 LUT5=4 LUT6=2)
  Clock Path Skew:        -0.109ns (DCD - SCD + CPR)
    Destination Clock Delay (DCD):    4.787ns = ( 14.787 - 10.000 ) 
    Source Clock Delay      (SCD):    5.156ns
    Clock Pessimism Removal (CPR):    0.260ns
  Clock Uncertainty:      0.035ns  ((TSJ^2 + TIJ^2)^1/2 + DJ) / 2 + PE
    Total System Jitter     (TSJ):    0.071ns
    Total Input Jitter      (TIJ):    0.000ns
    Discrete Jitter          (DJ):    0.000ns
    Phase Error              (PE):    0.000ns

    Location             Delay type                Incr(ns)  Path(ns)    Netlist Resource(s)
  -------------------------------------------------------------------    -------------------
                         (clock sys_clk_pin rise edge)
                                                      0.000     0.000 r  
    W5                                                0.000     0.000 r  clk (IN)
                         net (fo=0)                   0.000     0.000    clk
    W5                   IBUF (Prop_ibuf_I_O)         1.458     1.458 r  clk_IBUF_inst/O
                         net (fo=1, routed)           1.967     3.425    clk_IBUF
    BUFGCTRL_X0Y0        BUFG (Prop_bufg_I_O)         0.096     3.521 r  clk_IBUF_BUFG_inst/O
                         net (fo=522, routed)         1.635     5.156    u_p2/CLK
    SLICE_X60Y39         FDPE                                         r  u_p2/tile_x_reg[4]/C
  -------------------------------------------------------------------    -------------------
    SLICE_X60Y39         FDPE (Prop_fdpe_C_Q)         0.478     5.634 f  u_p2/tile_x_reg[4]/Q
                         net (fo=30, routed)          1.303     6.938    u_p2/p2_tx[4]
    SLICE_X54Y39         LUT4 (Prop_lut4_I2_O)        0.320     7.258 f  u_p2/cook_item[1][2]_i_21/O
                         net (fo=3, routed)           0.714     7.972    u_p2/cook_item[1][2]_i_21_n_0
    SLICE_X54Y38         LUT6 (Prop_lut6_I0_O)        0.328     8.300 f  u_p2/cook_item[1][2]_i_10/O
                         net (fo=2, routed)           0.666     8.966    u_p2/cook_item[1][2]_i_10_n_0
    SLICE_X54Y36         LUT2 (Prop_lut2_I0_O)        0.148     9.114 r  u_p2/cook_item[1][4]_i_15/O
                         net (fo=8, routed)           0.841     9.954    u_p2/cook_item_reg[1][3]
    SLICE_X52Y36         LUT4 (Prop_lut4_I2_O)        0.328    10.282 f  u_p2/p2_item[2]_i_10/O
                         net (fo=2, routed)           0.647    10.929    u_stations/tile_y_reg[0]_0
    SLICE_X53Y37         LUT2 (Prop_lut2_I1_O)        0.124    11.053 f  u_stations/p2_item[2]_i_4/O
                         net (fo=4, routed)           0.313    11.366    u_p2/p2_item_reg[4]_5
    SLICE_X53Y37         LUT6 (Prop_lut6_I0_O)        0.124    11.490 f  u_p2/p2_item[0]_i_2/O
                         net (fo=2, routed)           0.317    11.807    u_p2/p2_item_reg[0]
    SLICE_X52Y35         LUT5 (Prop_lut5_I4_O)        0.124    11.931 f  u_p2/cook_item[1][2]_i_8/O
                         net (fo=3, routed)           0.186    12.117    u_p2/cook_item_reg[1][2]_2
    SLICE_X52Y35         LUT5 (Prop_lut5_I3_O)        0.124    12.241 r  u_p2/cook_item[1][2]_i_2/O
                         net (fo=6, routed)           0.315    12.556    u_stations/tile_x_reg[2]_0
    SLICE_X53Y36         LUT3 (Prop_lut3_I0_O)        0.124    12.680 r  u_stations/cook_item[2][2]_i_3/O
                         net (fo=4, routed)           0.613    13.293    u_stations/cook_item[2][2]_i_3_n_0
    SLICE_X52Y34         LUT3 (Prop_lut3_I0_O)        0.124    13.417 r  u_stations/cook_item[2][4]_i_10/O
                         net (fo=3, routed)           0.445    13.861    u_stations/cook_item[2][4]_i_10_n_0
    SLICE_X52Y34         LUT5 (Prop_lut5_I0_O)        0.124    13.985 r  u_stations/cook_burn_timer[2][2]_i_4/O
                         net (fo=7, routed)           0.687    14.672    u_stations/cook_burn_timer[2][2]_i_4_n_0
    SLICE_X52Y34         LUT5 (Prop_lut5_I0_O)        0.124    14.796 r  u_stations/cook_item[2][4]_i_3/O
                         net (fo=6, routed)           0.333    15.130    u_stations/cook_item[2][4]_i_3_n_0
    SLICE_X51Y34         LUT4 (Prop_lut4_I0_O)        0.124    15.254 r  u_stations/cook_item[2][4]_i_1/O
                         net (fo=5, routed)           0.334    15.588    u_stations/cook_item[2][4]_i_1_n_0
    SLICE_X52Y34         FDCE                                         r  u_stations/cook_item_reg[2][2]/CE
  -------------------------------------------------------------------    -------------------

                         (clock sys_clk_pin rise edge)
                                                     10.000    10.000 r  
    W5                                                0.000    10.000 r  clk (IN)
                         net (fo=0)                   0.000    10.000    clk
    W5                   IBUF (Prop_ibuf_I_O)         1.388    11.388 r  clk_IBUF_inst/O
                         net (fo=1, routed)           1.862    13.250    clk_IBUF
    BUFGCTRL_X0Y0        BUFG (Prop_bufg_I_O)         0.091    13.341 r  clk_IBUF_BUFG_inst/O
                         net (fo=522, routed)         1.446    14.787    u_stations/CLK
    SLICE_X52Y34         FDCE                                         r  u_stations/cook_item_reg[2][2]/C
                         clock pessimism              0.260    15.047    
                         clock uncertainty           -0.035    15.012    
    SLICE_X52Y34         FDCE (Setup_fdce_C_CE)      -0.169    14.843    u_stations/cook_item_reg[2][2]
  -------------------------------------------------------------------
                         required time                         14.843    
                         arrival time                         -15.588    
  -------------------------------------------------------------------
                         slack                                 -0.745    

Slack (VIOLATED) :        -0.745ns  (required time - arrival time)
  Source:                 u_p2/tile_x_reg[4]/C
                            (rising edge-triggered cell FDPE clocked by sys_clk_pin  {rise@0.000ns fall@5.000ns period=10.000ns})
  Destination:            u_stations/cook_item_reg[2][3]/CE
                            (rising edge-triggered cell FDCE clocked by sys_clk_pin  {rise@0.000ns fall@5.000ns period=10.000ns})
  Path Group:             sys_clk_pin
  Path Type:              Setup (Max at Slow Process Corner)
  Requirement:            10.000ns  (sys_clk_pin rise@10.000ns - sys_clk_pin rise@0.000ns)
  Data Path Delay:        10.432ns  (logic 2.718ns (26.055%)  route 7.714ns (73.945%))
  Logic Levels:           13  (LUT2=2 LUT3=2 LUT4=3 LUT5=4 LUT6=2)
  Clock Path Skew:        -0.109ns (DCD - SCD + CPR)
    Destination Clock Delay (DCD):    4.787ns = ( 14.787 - 10.000 ) 
    Source Clock Delay      (SCD):    5.156ns
    Clock Pessimism Removal (CPR):    0.260ns
  Clock Uncertainty:      0.035ns  ((TSJ^2 + TIJ^2)^1/2 + DJ) / 2 + PE
    Total System Jitter     (TSJ):    0.071ns
    Total Input Jitter      (TIJ):    0.000ns
    Discrete Jitter          (DJ):    0.000ns
    Phase Error              (PE):    0.000ns

    Location             Delay type                Incr(ns)  Path(ns)    Netlist Resource(s)
  -------------------------------------------------------------------    -------------------
                         (clock sys_clk_pin rise edge)
                                                      0.000     0.000 r  
    W5                                                0.000     0.000 r  clk (IN)
                         net (fo=0)                   0.000     0.000    clk
    W5                   IBUF (Prop_ibuf_I_O)         1.458     1.458 r  clk_IBUF_inst/O
                         net (fo=1, routed)           1.967     3.425    clk_IBUF
    BUFGCTRL_X0Y0        BUFG (Prop_bufg_I_O)         0.096     3.521 r  clk_IBUF_BUFG_inst/O
                         net (fo=522, routed)         1.635     5.156    u_p2/CLK
    SLICE_X60Y39         FDPE                                         r  u_p2/tile_x_reg[4]/C
  -------------------------------------------------------------------    -------------------
    SLICE_X60Y39         FDPE (Prop_fdpe_C_Q)         0.478     5.634 f  u_p2/tile_x_reg[4]/Q
                         net (fo=30, routed)          1.303     6.938    u_p2/p2_tx[4]
    SLICE_X54Y39         LUT4 (Prop_lut4_I2_O)        0.320     7.258 f  u_p2/cook_item[1][2]_i_21/O
                         net (fo=3, routed)           0.714     7.972    u_p2/cook_item[1][2]_i_21_n_0
    SLICE_X54Y38         LUT6 (Prop_lut6_I0_O)        0.328     8.300 f  u_p2/cook_item[1][2]_i_10/O
                         net (fo=2, routed)           0.666     8.966    u_p2/cook_item[1][2]_i_10_n_0
    SLICE_X54Y36         LUT2 (Prop_lut2_I0_O)        0.148     9.114 r  u_p2/cook_item[1][4]_i_15/O
                         net (fo=8, routed)           0.841     9.954    u_p2/cook_item_reg[1][3]
    SLICE_X52Y36         LUT4 (Prop_lut4_I2_O)        0.328    10.282 f  u_p2/p2_item[2]_i_10/O
                         net (fo=2, routed)           0.647    10.929    u_stations/tile_y_reg[0]_0
    SLICE_X53Y37         LUT2 (Prop_lut2_I1_O)        0.124    11.053 f  u_stations/p2_item[2]_i_4/O
                         net (fo=4, routed)           0.313    11.366    u_p2/p2_item_reg[4]_5
    SLICE_X53Y37         LUT6 (Prop_lut6_I0_O)        0.124    11.490 f  u_p2/p2_item[0]_i_2/O
                         net (fo=2, routed)           0.317    11.807    u_p2/p2_item_reg[0]
    SLICE_X52Y35         LUT5 (Prop_lut5_I4_O)        0.124    11.931 f  u_p2/cook_item[1][2]_i_8/O
                         net (fo=3, routed)           0.186    12.117    u_p2/cook_item_reg[1][2]_2
    SLICE_X52Y35         LUT5 (Prop_lut5_I3_O)        0.124    12.241 r  u_p2/cook_item[1][2]_i_2/O
                         net (fo=6, routed)           0.315    12.556    u_stations/tile_x_reg[2]_0
    SLICE_X53Y36         LUT3 (Prop_lut3_I0_O)        0.124    12.680 r  u_stations/cook_item[2][2]_i_3/O
                         net (fo=4, routed)           0.613    13.293    u_stations/cook_item[2][2]_i_3_n_0
    SLICE_X52Y34         LUT3 (Prop_lut3_I0_O)        0.124    13.417 r  u_stations/cook_item[2][4]_i_10/O
                         net (fo=3, routed)           0.445    13.861    u_stations/cook_item[2][4]_i_10_n_0
    SLICE_X52Y34         LUT5 (Prop_lut5_I0_O)        0.124    13.985 r  u_stations/cook_burn_timer[2][2]_i_4/O
                         net (fo=7, routed)           0.687    14.672    u_stations/cook_burn_timer[2][2]_i_4_n_0
    SLICE_X52Y34         LUT5 (Prop_lut5_I0_O)        0.124    14.796 r  u_stations/cook_item[2][4]_i_3/O
                         net (fo=6, routed)           0.333    15.130    u_stations/cook_item[2][4]_i_3_n_0
    SLICE_X51Y34         LUT4 (Prop_lut4_I0_O)        0.124    15.254 r  u_stations/cook_item[2][4]_i_1/O
                         net (fo=5, routed)           0.334    15.588    u_stations/cook_item[2][4]_i_1_n_0
    SLICE_X52Y34         FDCE                                         r  u_stations/cook_item_reg[2][3]/CE
  -------------------------------------------------------------------    -------------------

                         (clock sys_clk_pin rise edge)
                                                     10.000    10.000 r  
    W5                                                0.000    10.000 r  clk (IN)
                         net (fo=0)                   0.000    10.000    clk
    W5                   IBUF (Prop_ibuf_I_O)         1.388    11.388 r  clk_IBUF_inst/O
                         net (fo=1, routed)           1.862    13.250    clk_IBUF
    BUFGCTRL_X0Y0        BUFG (Prop_bufg_I_O)         0.091    13.341 r  clk_IBUF_BUFG_inst/O
                         net (fo=522, routed)         1.446    14.787    u_stations/CLK
    SLICE_X52Y34         FDCE                                         r  u_stations/cook_item_reg[2][3]/C
                         clock pessimism              0.260    15.047    
                         clock uncertainty           -0.035    15.012    
    SLICE_X52Y34         FDCE (Setup_fdce_C_CE)      -0.169    14.843    u_stations/cook_item_reg[2][3]
  -------------------------------------------------------------------
                         required time                         14.843    
                         arrival time                         -15.588    
  -------------------------------------------------------------------
                         slack                                 -0.745    

Slack (VIOLATED) :        -0.740ns  (required time - arrival time)
  Source:                 u_p2/tile_x_reg[4]/C
                            (rising edge-triggered cell FDPE clocked by sys_clk_pin  {rise@0.000ns fall@5.000ns period=10.000ns})
  Destination:            u_stations/cook_burn_timer_reg[2][1]/CE
                            (rising edge-triggered cell FDCE clocked by sys_clk_pin  {rise@0.000ns fall@5.000ns period=10.000ns})
  Path Group:             sys_clk_pin
  Path Type:              Setup (Max at Slow Process Corner)
  Requirement:            10.000ns  (sys_clk_pin rise@10.000ns - sys_clk_pin rise@0.000ns)
  Data Path Delay:        10.427ns  (logic 2.718ns (26.067%)  route 7.709ns (73.933%))
  Logic Levels:           13  (LUT2=2 LUT3=3 LUT4=2 LUT5=4 LUT6=2)
  Clock Path Skew:        -0.109ns (DCD - SCD + CPR)
    Destination Clock Delay (DCD):    4.787ns = ( 14.787 - 10.000 ) 
    Source Clock Delay      (SCD):    5.156ns
    Clock Pessimism Removal (CPR):    0.260ns
  Clock Uncertainty:      0.035ns  ((TSJ^2 + TIJ^2)^1/2 + DJ) / 2 + PE
    Total System Jitter     (TSJ):    0.071ns
    Total Input Jitter      (TIJ):    0.000ns
    Discrete Jitter          (DJ):    0.000ns
    Phase Error              (PE):    0.000ns

    Location             Delay type                Incr(ns)  Path(ns)    Netlist Resource(s)
  -------------------------------------------------------------------    -------------------
                         (clock sys_clk_pin rise edge)
                                                      0.000     0.000 r  
    W5                                                0.000     0.000 r  clk (IN)
                         net (fo=0)                   0.000     0.000    clk
    W5                   IBUF (Prop_ibuf_I_O)         1.458     1.458 r  clk_IBUF_inst/O
                         net (fo=1, routed)           1.967     3.425    clk_IBUF
    BUFGCTRL_X0Y0        BUFG (Prop_bufg_I_O)         0.096     3.521 r  clk_IBUF_BUFG_inst/O
                         net (fo=522, routed)         1.635     5.156    u_p2/CLK
    SLICE_X60Y39         FDPE                                         r  u_p2/tile_x_reg[4]/C
  -------------------------------------------------------------------    -------------------
    SLICE_X60Y39         FDPE (Prop_fdpe_C_Q)         0.478     5.634 f  u_p2/tile_x_reg[4]/Q
                         net (fo=30, routed)          1.303     6.938    u_p2/p2_tx[4]
    SLICE_X54Y39         LUT4 (Prop_lut4_I2_O)        0.320     7.258 f  u_p2/cook_item[1][2]_i_21/O
                         net (fo=3, routed)           0.714     7.972    u_p2/cook_item[1][2]_i_21_n_0
    SLICE_X54Y38         LUT6 (Prop_lut6_I0_O)        0.328     8.300 f  u_p2/cook_item[1][2]_i_10/O
                         net (fo=2, routed)           0.666     8.966    u_p2/cook_item[1][2]_i_10_n_0
    SLICE_X54Y36         LUT2 (Prop_lut2_I0_O)        0.148     9.114 r  u_p2/cook_item[1][4]_i_15/O
                         net (fo=8, routed)           0.841     9.954    u_p2/cook_item_reg[1][3]
    SLICE_X52Y36         LUT4 (Prop_lut4_I2_O)        0.328    10.282 f  u_p2/p2_item[2]_i_10/O
                         net (fo=2, routed)           0.647    10.929    u_stations/tile_y_reg[0]_0
    SLICE_X53Y37         LUT2 (Prop_lut2_I1_O)        0.124    11.053 f  u_stations/p2_item[2]_i_4/O
                         net (fo=4, routed)           0.313    11.366    u_p2/p2_item_reg[4]_5
    SLICE_X53Y37         LUT6 (Prop_lut6_I0_O)        0.124    11.490 f  u_p2/p2_item[0]_i_2/O
                         net (fo=2, routed)           0.317    11.807    u_p2/p2_item_reg[0]
    SLICE_X52Y35         LUT5 (Prop_lut5_I4_O)        0.124    11.931 f  u_p2/cook_item[1][2]_i_8/O
                         net (fo=3, routed)           0.186    12.117    u_p2/cook_item_reg[1][2]_2
    SLICE_X52Y35         LUT5 (Prop_lut5_I3_O)        0.124    12.241 r  u_p2/cook_item[1][2]_i_2/O
                         net (fo=6, routed)           0.315    12.556    u_stations/tile_x_reg[2]_0
    SLICE_X53Y36         LUT3 (Prop_lut3_I0_O)        0.124    12.680 r  u_stations/cook_item[2][2]_i_3/O
                         net (fo=4, routed)           0.613    13.293    u_stations/cook_item[2][2]_i_3_n_0
    SLICE_X52Y34         LUT3 (Prop_lut3_I0_O)        0.124    13.417 r  u_stations/cook_item[2][4]_i_10/O
                         net (fo=3, routed)           0.445    13.861    u_stations/cook_item[2][4]_i_10_n_0
    SLICE_X52Y34         LUT5 (Prop_lut5_I0_O)        0.124    13.985 r  u_stations/cook_burn_timer[2][2]_i_4/O
                         net (fo=7, routed)           0.687    14.672    u_stations/cook_burn_timer[2][2]_i_4_n_0
    SLICE_X52Y34         LUT5 (Prop_lut5_I0_O)        0.124    14.796 r  u_stations/cook_item[2][4]_i_3/O
                         net (fo=6, routed)           0.327    15.124    u_stations/cook_item[2][4]_i_3_n_0
    SLICE_X53Y34         LUT3 (Prop_lut3_I2_O)        0.124    15.248 r  u_stations/cook_burn_timer[2][3]_i_1/O
                         net (fo=4, routed)           0.336    15.583    u_stations/cook_burn_timer[2][3]_i_1_n_0
    SLICE_X50Y34         FDCE                                         r  u_stations/cook_burn_timer_reg[2][1]/CE
  -------------------------------------------------------------------    -------------------

                         (clock sys_clk_pin rise edge)
                                                     10.000    10.000 r  
    W5                                                0.000    10.000 r  clk (IN)
                         net (fo=0)                   0.000    10.000    clk
    W5                   IBUF (Prop_ibuf_I_O)         1.388    11.388 r  clk_IBUF_inst/O
                         net (fo=1, routed)           1.862    13.250    clk_IBUF
    BUFGCTRL_X0Y0        BUFG (Prop_bufg_I_O)         0.091    13.341 r  clk_IBUF_BUFG_inst/O
                         net (fo=522, routed)         1.446    14.787    u_stations/CLK
    SLICE_X50Y34         FDCE                                         r  u_stations/cook_burn_timer_reg[2][1]/C
                         clock pessimism              0.260    15.047    
                         clock uncertainty           -0.035    15.012    
    SLICE_X50Y34         FDCE (Setup_fdce_C_CE)      -0.169    14.843    u_stations/cook_burn_timer_reg[2][1]
  -------------------------------------------------------------------
                         required time                         14.843    
                         arrival time                         -15.583    
  -------------------------------------------------------------------
                         slack                                 -0.740    

Slack (VIOLATED) :        -0.740ns  (required time - arrival time)
  Source:                 u_p2/tile_x_reg[4]/C
                            (rising edge-triggered cell FDPE clocked by sys_clk_pin  {rise@0.000ns fall@5.000ns period=10.000ns})
  Destination:            u_stations/cook_burn_timer_reg[2][2]/CE
                            (rising edge-triggered cell FDCE clocked by sys_clk_pin  {rise@0.000ns fall@5.000ns period=10.000ns})
  Path Group:             sys_clk_pin
  Path Type:              Setup (Max at Slow Process Corner)
  Requirement:            10.000ns  (sys_clk_pin rise@10.000ns - sys_clk_pin rise@0.000ns)
  Data Path Delay:        10.427ns  (logic 2.718ns (26.067%)  route 7.709ns (73.933%))
  Logic Levels:           13  (LUT2=2 LUT3=3 LUT4=2 LUT5=4 LUT6=2)
  Clock Path Skew:        -0.109ns (DCD - SCD + CPR)
    Destination Clock Delay (DCD):    4.787ns = ( 14.787 - 10.000 ) 
    Source Clock Delay      (SCD):    5.156ns
    Clock Pessimism Removal (CPR):    0.260ns
  Clock Uncertainty:      0.035ns  ((TSJ^2 + TIJ^2)^1/2 + DJ) / 2 + PE
    Total System Jitter     (TSJ):    0.071ns
    Total Input Jitter      (TIJ):    0.000ns
    Discrete Jitter          (DJ):    0.000ns
    Phase Error              (PE):    0.000ns

    Location             Delay type                Incr(ns)  Path(ns)    Netlist Resource(s)
  -------------------------------------------------------------------    -------------------
                         (clock sys_clk_pin rise edge)
                                                      0.000     0.000 r  
    W5                                                0.000     0.000 r  clk (IN)
                         net (fo=0)                   0.000     0.000    clk
    W5                   IBUF (Prop_ibuf_I_O)         1.458     1.458 r  clk_IBUF_inst/O
                         net (fo=1, routed)           1.967     3.425    clk_IBUF
    BUFGCTRL_X0Y0        BUFG (Prop_bufg_I_O)         0.096     3.521 r  clk_IBUF_BUFG_inst/O
                         net (fo=522, routed)         1.635     5.156    u_p2/CLK
    SLICE_X60Y39         FDPE                                         r  u_p2/tile_x_reg[4]/C
  -------------------------------------------------------------------    -------------------
    SLICE_X60Y39         FDPE (Prop_fdpe_C_Q)         0.478     5.634 f  u_p2/tile_x_reg[4]/Q
                         net (fo=30, routed)          1.303     6.938    u_p2/p2_tx[4]
    SLICE_X54Y39         LUT4 (Prop_lut4_I2_O)        0.320     7.258 f  u_p2/cook_item[1][2]_i_21/O
                         net (fo=3, routed)           0.714     7.972    u_p2/cook_item[1][2]_i_21_n_0
    SLICE_X54Y38         LUT6 (Prop_lut6_I0_O)        0.328     8.300 f  u_p2/cook_item[1][2]_i_10/O
                         net (fo=2, routed)           0.666     8.966    u_p2/cook_item[1][2]_i_10_n_0
    SLICE_X54Y36         LUT2 (Prop_lut2_I0_O)        0.148     9.114 r  u_p2/cook_item[1][4]_i_15/O
                         net (fo=8, routed)           0.841     9.954    u_p2/cook_item_reg[1][3]
    SLICE_X52Y36         LUT4 (Prop_lut4_I2_O)        0.328    10.282 f  u_p2/p2_item[2]_i_10/O
                         net (fo=2, routed)           0.647    10.929    u_stations/tile_y_reg[0]_0
    SLICE_X53Y37         LUT2 (Prop_lut2_I1_O)        0.124    11.053 f  u_stations/p2_item[2]_i_4/O
                         net (fo=4, routed)           0.313    11.366    u_p2/p2_item_reg[4]_5
    SLICE_X53Y37         LUT6 (Prop_lut6_I0_O)        0.124    11.490 f  u_p2/p2_item[0]_i_2/O
                         net (fo=2, routed)           0.317    11.807    u_p2/p2_item_reg[0]
    SLICE_X52Y35         LUT5 (Prop_lut5_I4_O)        0.124    11.931 f  u_p2/cook_item[1][2]_i_8/O
                         net (fo=3, routed)           0.186    12.117    u_p2/cook_item_reg[1][2]_2
    SLICE_X52Y35         LUT5 (Prop_lut5_I3_O)        0.124    12.241 r  u_p2/cook_item[1][2]_i_2/O
                         net (fo=6, routed)           0.315    12.556    u_stations/tile_x_reg[2]_0
    SLICE_X53Y36         LUT3 (Prop_lut3_I0_O)        0.124    12.680 r  u_stations/cook_item[2][2]_i_3/O
                         net (fo=4, routed)           0.613    13.293    u_stations/cook_item[2][2]_i_3_n_0
    SLICE_X52Y34         LUT3 (Prop_lut3_I0_O)        0.124    13.417 r  u_stations/cook_item[2][4]_i_10/O
                         net (fo=3, routed)           0.445    13.861    u_stations/cook_item[2][4]_i_10_n_0
    SLICE_X52Y34         LUT5 (Prop_lut5_I0_O)        0.124    13.985 r  u_stations/cook_burn_timer[2][2]_i_4/O
                         net (fo=7, routed)           0.687    14.672    u_stations/cook_burn_timer[2][2]_i_4_n_0
    SLICE_X52Y34         LUT5 (Prop_lut5_I0_O)        0.124    14.796 r  u_stations/cook_item[2][4]_i_3/O
                         net (fo=6, routed)           0.327    15.124    u_stations/cook_item[2][4]_i_3_n_0
    SLICE_X53Y34         LUT3 (Prop_lut3_I2_O)        0.124    15.248 r  u_stations/cook_burn_timer[2][3]_i_1/O
                         net (fo=4, routed)           0.336    15.583    u_stations/cook_burn_timer[2][3]_i_1_n_0
    SLICE_X50Y34         FDCE                                         r  u_stations/cook_burn_timer_reg[2][2]/CE
  -------------------------------------------------------------------    -------------------

                         (clock sys_clk_pin rise edge)
                                                     10.000    10.000 r  
    W5                                                0.000    10.000 r  clk (IN)
                         net (fo=0)                   0.000    10.000    clk
    W5                   IBUF (Prop_ibuf_I_O)         1.388    11.388 r  clk_IBUF_inst/O
                         net (fo=1, routed)           1.862    13.250    clk_IBUF
    BUFGCTRL_X0Y0        BUFG (Prop_bufg_I_O)         0.091    13.341 r  clk_IBUF_BUFG_inst/O
                         net (fo=522, routed)         1.446    14.787    u_stations/CLK
    SLICE_X50Y34         FDCE                                         r  u_stations/cook_burn_timer_reg[2][2]/C
                         clock pessimism              0.260    15.047    
                         clock uncertainty           -0.035    15.012    
    SLICE_X50Y34         FDCE (Setup_fdce_C_CE)      -0.169    14.843    u_stations/cook_burn_timer_reg[2][2]
  -------------------------------------------------------------------
                         required time                         14.843    
                         arrival time                         -15.583    
  -------------------------------------------------------------------
                         slack                                 -0.740    

Slack (VIOLATED) :        -0.740ns  (required time - arrival time)
  Source:                 u_p2/tile_x_reg[4]/C
                            (rising edge-triggered cell FDPE clocked by sys_clk_pin  {rise@0.000ns fall@5.000ns period=10.000ns})
  Destination:            u_stations/cook_burn_timer_reg[2][3]/CE
                            (rising edge-triggered cell FDCE clocked by sys_clk_pin  {rise@0.000ns fall@5.000ns period=10.000ns})
  Path Group:             sys_clk_pin
  Path Type:              Setup (Max at Slow Process Corner)
  Requirement:            10.000ns  (sys_clk_pin rise@10.000ns - sys_clk_pin rise@0.000ns)
  Data Path Delay:        10.427ns  (logic 2.718ns (26.067%)  route 7.709ns (73.933%))
  Logic Levels:           13  (LUT2=2 LUT3=3 LUT4=2 LUT5=4 LUT6=2)
  Clock Path Skew:        -0.109ns (DCD - SCD + CPR)
    Destination Clock Delay (DCD):    4.787ns = ( 14.787 - 10.000 ) 
    Source Clock Delay      (SCD):    5.156ns
    Clock Pessimism Removal (CPR):    0.260ns
  Clock Uncertainty:      0.035ns  ((TSJ^2 + TIJ^2)^1/2 + DJ) / 2 + PE
    Total System Jitter     (TSJ):    0.071ns
    Total Input Jitter      (TIJ):    0.000ns
    Discrete Jitter          (DJ):    0.000ns
    Phase Error              (PE):    0.000ns

    Location             Delay type                Incr(ns)  Path(ns)    Netlist Resource(s)
  -------------------------------------------------------------------    -------------------
                         (clock sys_clk_pin rise edge)
                                                      0.000     0.000 r  
    W5                                                0.000     0.000 r  clk (IN)
                         net (fo=0)                   0.000     0.000    clk
    W5                   IBUF (Prop_ibuf_I_O)         1.458     1.458 r  clk_IBUF_inst/O
                         net (fo=1, routed)           1.967     3.425    clk_IBUF
    BUFGCTRL_X0Y0        BUFG (Prop_bufg_I_O)         0.096     3.521 r  clk_IBUF_BUFG_inst/O
                         net (fo=522, routed)         1.635     5.156    u_p2/CLK
    SLICE_X60Y39         FDPE                                         r  u_p2/tile_x_reg[4]/C
  -------------------------------------------------------------------    -------------------
    SLICE_X60Y39         FDPE (Prop_fdpe_C_Q)         0.478     5.634 f  u_p2/tile_x_reg[4]/Q
                         net (fo=30, routed)          1.303     6.938    u_p2/p2_tx[4]
    SLICE_X54Y39         LUT4 (Prop_lut4_I2_O)        0.320     7.258 f  u_p2/cook_item[1][2]_i_21/O
                         net (fo=3, routed)           0.714     7.972    u_p2/cook_item[1][2]_i_21_n_0
    SLICE_X54Y38         LUT6 (Prop_lut6_I0_O)        0.328     8.300 f  u_p2/cook_item[1][2]_i_10/O
                         net (fo=2, routed)           0.666     8.966    u_p2/cook_item[1][2]_i_10_n_0
    SLICE_X54Y36         LUT2 (Prop_lut2_I0_O)        0.148     9.114 r  u_p2/cook_item[1][4]_i_15/O
                         net (fo=8, routed)           0.841     9.954    u_p2/cook_item_reg[1][3]
    SLICE_X52Y36         LUT4 (Prop_lut4_I2_O)        0.328    10.282 f  u_p2/p2_item[2]_i_10/O
                         net (fo=2, routed)           0.647    10.929    u_stations/tile_y_reg[0]_0
    SLICE_X53Y37         LUT2 (Prop_lut2_I1_O)        0.124    11.053 f  u_stations/p2_item[2]_i_4/O
                         net (fo=4, routed)           0.313    11.366    u_p2/p2_item_reg[4]_5
    SLICE_X53Y37         LUT6 (Prop_lut6_I0_O)        0.124    11.490 f  u_p2/p2_item[0]_i_2/O
                         net (fo=2, routed)           0.317    11.807    u_p2/p2_item_reg[0]
    SLICE_X52Y35         LUT5 (Prop_lut5_I4_O)        0.124    11.931 f  u_p2/cook_item[1][2]_i_8/O
                         net (fo=3, routed)           0.186    12.117    u_p2/cook_item_reg[1][2]_2
    SLICE_X52Y35         LUT5 (Prop_lut5_I3_O)        0.124    12.241 r  u_p2/cook_item[1][2]_i_2/O
                         net (fo=6, routed)           0.315    12.556    u_stations/tile_x_reg[2]_0
    SLICE_X53Y36         LUT3 (Prop_lut3_I0_O)        0.124    12.680 r  u_stations/cook_item[2][2]_i_3/O
                         net (fo=4, routed)           0.613    13.293    u_stations/cook_item[2][2]_i_3_n_0
    SLICE_X52Y34         LUT3 (Prop_lut3_I0_O)        0.124    13.417 r  u_stations/cook_item[2][4]_i_10/O
                         net (fo=3, routed)           0.445    13.861    u_stations/cook_item[2][4]_i_10_n_0
    SLICE_X52Y34         LUT5 (Prop_lut5_I0_O)        0.124    13.985 r  u_stations/cook_burn_timer[2][2]_i_4/O
                         net (fo=7, routed)           0.687    14.672    u_stations/cook_burn_timer[2][2]_i_4_n_0
    SLICE_X52Y34         LUT5 (Prop_lut5_I0_O)        0.124    14.796 r  u_stations/cook_item[2][4]_i_3/O
                         net (fo=6, routed)           0.327    15.124    u_stations/cook_item[2][4]_i_3_n_0
    SLICE_X53Y34         LUT3 (Prop_lut3_I2_O)        0.124    15.248 r  u_stations/cook_burn_timer[2][3]_i_1/O
                         net (fo=4, routed)           0.336    15.583    u_stations/cook_burn_timer[2][3]_i_1_n_0
    SLICE_X50Y34         FDCE                                         r  u_stations/cook_burn_timer_reg[2][3]/CE
  -------------------------------------------------------------------    -------------------

                         (clock sys_clk_pin rise edge)
                                                     10.000    10.000 r  
    W5                                                0.000    10.000 r  clk (IN)
                         net (fo=0)                   0.000    10.000    clk
    W5                   IBUF (Prop_ibuf_I_O)         1.388    11.388 r  clk_IBUF_inst/O
                         net (fo=1, routed)           1.862    13.250    clk_IBUF
    BUFGCTRL_X0Y0        BUFG (Prop_bufg_I_O)         0.091    13.341 r  clk_IBUF_BUFG_inst/O
                         net (fo=522, routed)         1.446    14.787    u_stations/CLK
    SLICE_X50Y34         FDCE                                         r  u_stations/cook_burn_timer_reg[2][3]/C
                         clock pessimism              0.260    15.047    
                         clock uncertainty           -0.035    15.012    
    SLICE_X50Y34         FDCE (Setup_fdce_C_CE)      -0.169    14.843    u_stations/cook_burn_timer_reg[2][3]
  -------------------------------------------------------------------
                         required time                         14.843    
                         arrival time                         -15.583    
  -------------------------------------------------------------------
                         slack                                 -0.740    

Slack (VIOLATED) :        -0.699ns  (required time - arrival time)
  Source:                 u_p2/tile_x_reg[4]/C
                            (rising edge-triggered cell FDPE clocked by sys_clk_pin  {rise@0.000ns fall@5.000ns period=10.000ns})
  Destination:            u_stations/cook_item_reg[2][3]/D
                            (rising edge-triggered cell FDCE clocked by sys_clk_pin  {rise@0.000ns fall@5.000ns period=10.000ns})
  Path Group:             sys_clk_pin
  Path Type:              Setup (Max at Slow Process Corner)
  Requirement:            10.000ns  (sys_clk_pin rise@10.000ns - sys_clk_pin rise@0.000ns)
  Data Path Delay:        10.527ns  (logic 2.718ns (25.820%)  route 7.809ns (74.180%))
  Logic Levels:           13  (LUT2=3 LUT3=2 LUT4=2 LUT5=4 LUT6=2)
  Clock Path Skew:        -0.109ns (DCD - SCD + CPR)
    Destination Clock Delay (DCD):    4.787ns = ( 14.787 - 10.000 ) 
    Source Clock Delay      (SCD):    5.156ns
    Clock Pessimism Removal (CPR):    0.260ns
  Clock Uncertainty:      0.035ns  ((TSJ^2 + TIJ^2)^1/2 + DJ) / 2 + PE
    Total System Jitter     (TSJ):    0.071ns
    Total Input Jitter      (TIJ):    0.000ns
    Discrete Jitter          (DJ):    0.000ns
    Phase Error              (PE):    0.000ns

    Location             Delay type                Incr(ns)  Path(ns)    Netlist Resource(s)
  -------------------------------------------------------------------    -------------------
                         (clock sys_clk_pin rise edge)
                                                      0.000     0.000 r  
    W5                                                0.000     0.000 r  clk (IN)
                         net (fo=0)                   0.000     0.000    clk
    W5                   IBUF (Prop_ibuf_I_O)         1.458     1.458 r  clk_IBUF_inst/O
                         net (fo=1, routed)           1.967     3.425    clk_IBUF
    BUFGCTRL_X0Y0        BUFG (Prop_bufg_I_O)         0.096     3.521 r  clk_IBUF_BUFG_inst/O
                         net (fo=522, routed)         1.635     5.156    u_p2/CLK
    SLICE_X60Y39         FDPE                                         r  u_p2/tile_x_reg[4]/C
  -------------------------------------------------------------------    -------------------
    SLICE_X60Y39         FDPE (Prop_fdpe_C_Q)         0.478     5.634 r  u_p2/tile_x_reg[4]/Q
                         net (fo=30, routed)          1.303     6.938    u_p2/p2_tx[4]
    SLICE_X54Y39         LUT4 (Prop_lut4_I2_O)        0.320     7.258 r  u_p2/cook_item[1][2]_i_21/O
                         net (fo=3, routed)           0.714     7.972    u_p2/cook_item[1][2]_i_21_n_0
    SLICE_X54Y38         LUT6 (Prop_lut6_I0_O)        0.328     8.300 r  u_p2/cook_item[1][2]_i_10/O
                         net (fo=2, routed)           0.666     8.966    u_p2/cook_item[1][2]_i_10_n_0
    SLICE_X54Y36         LUT2 (Prop_lut2_I0_O)        0.148     9.114 f  u_p2/cook_item[1][4]_i_15/O
                         net (fo=8, routed)           0.841     9.954    u_p2/cook_item_reg[1][3]
    SLICE_X52Y36         LUT4 (Prop_lut4_I2_O)        0.328    10.282 r  u_p2/p2_item[2]_i_10/O
                         net (fo=2, routed)           0.647    10.929    u_stations/tile_y_reg[0]_0
    SLICE_X53Y37         LUT2 (Prop_lut2_I1_O)        0.124    11.053 r  u_stations/p2_item[2]_i_4/O
                         net (fo=4, routed)           0.313    11.366    u_p2/p2_item_reg[4]_5
    SLICE_X53Y37         LUT6 (Prop_lut6_I0_O)        0.124    11.490 r  u_p2/p2_item[0]_i_2/O
                         net (fo=2, routed)           0.317    11.807    u_p2/p2_item_reg[0]
    SLICE_X52Y35         LUT5 (Prop_lut5_I4_O)        0.124    11.931 r  u_p2/cook_item[1][2]_i_8/O
                         net (fo=3, routed)           0.186    12.117    u_p2/cook_item_reg[1][2]_2
    SLICE_X52Y35         LUT5 (Prop_lut5_I3_O)        0.124    12.241 f  u_p2/cook_item[1][2]_i_2/O
                         net (fo=6, routed)           0.315    12.556    u_stations/tile_x_reg[2]_0
    SLICE_X53Y36         LUT3 (Prop_lut3_I0_O)        0.124    12.680 f  u_stations/cook_item[2][2]_i_3/O
                         net (fo=4, routed)           0.613    13.293    u_stations/cook_item[2][2]_i_3_n_0
    SLICE_X52Y34         LUT3 (Prop_lut3_I0_O)        0.124    13.417 f  u_stations/cook_item[2][4]_i_10/O
                         net (fo=3, routed)           0.445    13.861    u_stations/cook_item[2][4]_i_10_n_0
    SLICE_X52Y34         LUT5 (Prop_lut5_I0_O)        0.124    13.985 f  u_stations/cook_burn_timer[2][2]_i_4/O
                         net (fo=7, routed)           0.687    14.672    u_stations/cook_burn_timer[2][2]_i_4_n_0
    SLICE_X52Y34         LUT5 (Prop_lut5_I0_O)        0.124    14.796 f  u_stations/cook_item[2][4]_i_3/O
                         net (fo=6, routed)           0.440    15.237    u_stations/cook_item[2][4]_i_3_n_0
    SLICE_X51Y35         LUT2 (Prop_lut2_I1_O)        0.124    15.361 r  u_stations/cook_item[2][3]_i_1/O
                         net (fo=1, routed)           0.322    15.683    u_stations/cook_item[2][3]_i_1_n_0
    SLICE_X52Y34         FDCE                                         r  u_stations/cook_item_reg[2][3]/D
  -------------------------------------------------------------------    -------------------

                         (clock sys_clk_pin rise edge)
                                                     10.000    10.000 r  
    W5                                                0.000    10.000 r  clk (IN)
                         net (fo=0)                   0.000    10.000    clk
    W5                   IBUF (Prop_ibuf_I_O)         1.388    11.388 r  clk_IBUF_inst/O
                         net (fo=1, routed)           1.862    13.250    clk_IBUF
    BUFGCTRL_X0Y0        BUFG (Prop_bufg_I_O)         0.091    13.341 r  clk_IBUF_BUFG_inst/O
                         net (fo=522, routed)         1.446    14.787    u_stations/CLK
    SLICE_X52Y34         FDCE                                         r  u_stations/cook_item_reg[2][3]/C
                         clock pessimism              0.260    15.047    
                         clock uncertainty           -0.035    15.012    
    SLICE_X52Y34         FDCE (Setup_fdce_C_D)       -0.028    14.984    u_stations/cook_item_reg[2][3]
  -------------------------------------------------------------------
                         required time                         14.984    
                         arrival time                         -15.683    
  -------------------------------------------------------------------
                         slack                                 -0.699    





Min Delay Paths
--------------------------------------------------------------------------------------
Slack (MET) :             0.093ns  (arrival time - required time)
  Source:                 u_vga/v_count_reg[6]/C
                            (rising edge-triggered cell FDCE clocked by sys_clk_pin  {rise@0.000ns fall@5.000ns period=10.000ns})
  Destination:            u_vga/v_count_reg[0]/D
                            (rising edge-triggered cell FDCE clocked by sys_clk_pin  {rise@0.000ns fall@5.000ns period=10.000ns})
  Path Group:             sys_clk_pin
  Path Type:              Hold (Min at Fast Process Corner)
  Requirement:            0.000ns  (sys_clk_pin rise@0.000ns - sys_clk_pin rise@0.000ns)
  Data Path Delay:        0.457ns  (logic 0.186ns (40.684%)  route 0.271ns (59.316%))
  Logic Levels:           1  (LUT6=1)
  Clock Path Skew:        0.272ns (DCD - SCD - CPR)
    Destination Clock Delay (DCD):    1.962ns
    Source Clock Delay      (SCD):    1.446ns
    Clock Pessimism Removal (CPR):    0.244ns

    Location             Delay type                Incr(ns)  Path(ns)    Netlist Resource(s)
  -------------------------------------------------------------------    -------------------
                         (clock sys_clk_pin rise edge)
                                                      0.000     0.000 r  
    W5                                                0.000     0.000 r  clk (IN)
                         net (fo=0)                   0.000     0.000    clk
    W5                   IBUF (Prop_ibuf_I_O)         0.226     0.226 r  clk_IBUF_inst/O
                         net (fo=1, routed)           0.631     0.858    clk_IBUF
    BUFGCTRL_X0Y0        BUFG (Prop_bufg_I_O)         0.026     0.884 r  clk_IBUF_BUFG_inst/O
                         net (fo=522, routed)         0.563     1.446    u_vga/CLK
    SLICE_X44Y50         FDCE                                         r  u_vga/v_count_reg[6]/C
  -------------------------------------------------------------------    -------------------
    SLICE_X44Y50         FDCE (Prop_fdce_C_Q)         0.141     1.587 r  u_vga/v_count_reg[6]/Q
                         net (fo=44, routed)          0.271     1.858    u_vga/v_count_reg_n_0_[6]
    SLICE_X44Y49         LUT6 (Prop_lut6_I1_O)        0.045     1.903 r  u_vga/v_count[0]_i_1/O
                         net (fo=1, routed)           0.000     1.903    u_vga/v_count[0]
    SLICE_X44Y49         FDCE                                         r  u_vga/v_count_reg[0]/D
  -------------------------------------------------------------------    -------------------

                         (clock sys_clk_pin rise edge)
                                                      0.000     0.000 r  
    W5                                                0.000     0.000 r  clk (IN)
                         net (fo=0)                   0.000     0.000    clk
    W5                   IBUF (Prop_ibuf_I_O)         0.414     0.414 r  clk_IBUF_inst/O
                         net (fo=1, routed)           0.685     1.099    clk_IBUF
    BUFGCTRL_X0Y0        BUFG (Prop_bufg_I_O)         0.029     1.128 r  clk_IBUF_BUFG_inst/O
                         net (fo=522, routed)         0.835     1.962    u_vga/CLK
    SLICE_X44Y49         FDCE                                         r  u_vga/v_count_reg[0]/C
                         clock pessimism             -0.244     1.718    
    SLICE_X44Y49         FDCE (Hold_fdce_C_D)         0.092     1.810    u_vga/v_count_reg[0]
  -------------------------------------------------------------------
                         required time                         -1.810    
                         arrival time                           1.903    
  -------------------------------------------------------------------
                         slack                                  0.093    

Slack (MET) :             0.152ns  (arrival time - required time)
  Source:                 u_ps2/rx_byte_reg[6]/C
                            (rising edge-triggered cell FDCE clocked by sys_clk_pin  {rise@0.000ns fall@5.000ns period=10.000ns})
  Destination:            u_ps2/scan_code_reg[6]/D
                            (rising edge-triggered cell FDCE clocked by sys_clk_pin  {rise@0.000ns fall@5.000ns period=10.000ns})
  Path Group:             sys_clk_pin
  Path Type:              Hold (Min at Fast Process Corner)
  Requirement:            0.000ns  (sys_clk_pin rise@0.000ns - sys_clk_pin rise@0.000ns)
  Data Path Delay:        0.187ns  (logic 0.128ns (68.470%)  route 0.059ns (31.530%))
  Logic Levels:           0  
  Clock Path Skew:        0.013ns (DCD - SCD - CPR)
    Destination Clock Delay (DCD):    1.991ns
    Source Clock Delay      (SCD):    1.476ns
    Clock Pessimism Removal (CPR):    0.502ns

    Location             Delay type                Incr(ns)  Path(ns)    Netlist Resource(s)
  -------------------------------------------------------------------    -------------------
                         (clock sys_clk_pin rise edge)
                                                      0.000     0.000 r  
    W5                                                0.000     0.000 r  clk (IN)
                         net (fo=0)                   0.000     0.000    clk
    W5                   IBUF (Prop_ibuf_I_O)         0.226     0.226 r  clk_IBUF_inst/O
                         net (fo=1, routed)           0.631     0.858    clk_IBUF
    BUFGCTRL_X0Y0        BUFG (Prop_bufg_I_O)         0.026     0.884 r  clk_IBUF_BUFG_inst/O
                         net (fo=522, routed)         0.593     1.476    u_ps2/CLK
    SLICE_X62Y56         FDCE                                         r  u_ps2/rx_byte_reg[6]/C
  -------------------------------------------------------------------    -------------------
    SLICE_X62Y56         FDCE (Prop_fdce_C_Q)         0.128     1.604 r  u_ps2/rx_byte_reg[6]/Q
                         net (fo=3, routed)           0.059     1.663    u_ps2/rx_byte_reg_n_0_[6]
    SLICE_X63Y56         FDCE                                         r  u_ps2/scan_code_reg[6]/D
  -------------------------------------------------------------------    -------------------

                         (clock sys_clk_pin rise edge)
                                                      0.000     0.000 r  
    W5                                                0.000     0.000 r  clk (IN)
                         net (fo=0)                   0.000     0.000    clk
    W5                   IBUF (Prop_ibuf_I_O)         0.414     0.414 r  clk_IBUF_inst/O
                         net (fo=1, routed)           0.685     1.099    clk_IBUF
    BUFGCTRL_X0Y0        BUFG (Prop_bufg_I_O)         0.029     1.128 r  clk_IBUF_BUFG_inst/O
                         net (fo=522, routed)         0.863     1.991    u_ps2/CLK
    SLICE_X63Y56         FDCE                                         r  u_ps2/scan_code_reg[6]/C
                         clock pessimism             -0.502     1.489    
    SLICE_X63Y56         FDCE (Hold_fdce_C_D)         0.022     1.511    u_ps2/scan_code_reg[6]
  -------------------------------------------------------------------
                         required time                         -1.511    
                         arrival time                           1.663    
  -------------------------------------------------------------------
                         slack                                  0.152    

Slack (MET) :             0.159ns  (arrival time - required time)
  Source:                 u_ps2/rx_byte_reg[7]/C
                            (rising edge-triggered cell FDCE clocked by sys_clk_pin  {rise@0.000ns fall@5.000ns period=10.000ns})
  Destination:            u_ps2/scan_code_reg[7]/D
                            (rising edge-triggered cell FDCE clocked by sys_clk_pin  {rise@0.000ns fall@5.000ns period=10.000ns})
  Path Group:             sys_clk_pin
  Path Type:              Hold (Min at Fast Process Corner)
  Requirement:            0.000ns  (sys_clk_pin rise@0.000ns - sys_clk_pin rise@0.000ns)
  Data Path Delay:        0.190ns  (logic 0.128ns (67.540%)  route 0.062ns (32.460%))
  Logic Levels:           0  
  Clock Path Skew:        0.013ns (DCD - SCD - CPR)
    Destination Clock Delay (DCD):    1.991ns
    Source Clock Delay      (SCD):    1.476ns
    Clock Pessimism Removal (CPR):    0.502ns

    Location             Delay type                Incr(ns)  Path(ns)    Netlist Resource(s)
  -------------------------------------------------------------------    -------------------
                         (clock sys_clk_pin rise edge)
                                                      0.000     0.000 r  
    W5                                                0.000     0.000 r  clk (IN)
                         net (fo=0)                   0.000     0.000    clk
    W5                   IBUF (Prop_ibuf_I_O)         0.226     0.226 r  clk_IBUF_inst/O
                         net (fo=1, routed)           0.631     0.858    clk_IBUF
    BUFGCTRL_X0Y0        BUFG (Prop_bufg_I_O)         0.026     0.884 r  clk_IBUF_BUFG_inst/O
                         net (fo=522, routed)         0.593     1.476    u_ps2/CLK
    SLICE_X62Y56         FDCE                                         r  u_ps2/rx_byte_reg[7]/C
  -------------------------------------------------------------------    -------------------
    SLICE_X62Y56         FDCE (Prop_fdce_C_Q)         0.128     1.604 r  u_ps2/rx_byte_reg[7]/Q
                         net (fo=3, routed)           0.062     1.666    u_ps2/rx_byte_reg_n_0_[7]
    SLICE_X63Y56         FDCE                                         r  u_ps2/scan_code_reg[7]/D
  -------------------------------------------------------------------    -------------------

                         (clock sys_clk_pin rise edge)
                                                      0.000     0.000 r  
    W5                                                0.000     0.000 r  clk (IN)
                         net (fo=0)                   0.000     0.000    clk
    W5                   IBUF (Prop_ibuf_I_O)         0.414     0.414 r  clk_IBUF_inst/O
                         net (fo=1, routed)           0.685     1.099    clk_IBUF
    BUFGCTRL_X0Y0        BUFG (Prop_bufg_I_O)         0.029     1.128 r  clk_IBUF_BUFG_inst/O
                         net (fo=522, routed)         0.863     1.991    u_ps2/CLK
    SLICE_X63Y56         FDCE                                         r  u_ps2/scan_code_reg[7]/C
                         clock pessimism             -0.502     1.489    
    SLICE_X63Y56         FDCE (Hold_fdce_C_D)         0.018     1.507    u_ps2/scan_code_reg[7]
  -------------------------------------------------------------------
                         required time                         -1.507    
                         arrival time                           1.666    
  -------------------------------------------------------------------
                         slack                                  0.159    

Slack (MET) :             0.177ns  (arrival time - required time)
  Source:                 u_p1/tile_y_reg[3]/C
                            (rising edge-triggered cell FDCE clocked by sys_clk_pin  {rise@0.000ns fall@5.000ns period=10.000ns})
  Destination:            u_p1/tile_y_reg[2]/D
                            (rising edge-triggered cell FDPE clocked by sys_clk_pin  {rise@0.000ns fall@5.000ns period=10.000ns})
  Path Group:             sys_clk_pin
  Path Type:              Hold (Min at Fast Process Corner)
  Requirement:            0.000ns  (sys_clk_pin rise@0.000ns - sys_clk_pin rise@0.000ns)
  Data Path Delay:        0.311ns  (logic 0.186ns (59.779%)  route 0.125ns (40.221%))
  Logic Levels:           1  (LUT6=1)
  Clock Path Skew:        0.013ns (DCD - SCD - CPR)
    Destination Clock Delay (DCD):    1.987ns
    Source Clock Delay      (SCD):    1.474ns
    Clock Pessimism Removal (CPR):    0.500ns

    Location             Delay type                Incr(ns)  Path(ns)    Netlist Resource(s)
  -------------------------------------------------------------------    -------------------
                         (clock sys_clk_pin rise edge)
                                                      0.000     0.000 r  
    W5                                                0.000     0.000 r  clk (IN)
                         net (fo=0)                   0.000     0.000    clk
    W5                   IBUF (Prop_ibuf_I_O)         0.226     0.226 r  clk_IBUF_inst/O
                         net (fo=1, routed)           0.631     0.858    clk_IBUF
    BUFGCTRL_X0Y0        BUFG (Prop_bufg_I_O)         0.026     0.884 r  clk_IBUF_BUFG_inst/O
                         net (fo=522, routed)         0.591     1.474    u_p1/CLK
    SLICE_X61Y37         FDCE                                         r  u_p1/tile_y_reg[3]/C
  -------------------------------------------------------------------    -------------------
    SLICE_X61Y37         FDCE (Prop_fdce_C_Q)         0.141     1.615 r  u_p1/tile_y_reg[3]/Q
                         net (fo=43, routed)          0.125     1.740    u_p1/p1_ty[3]
    SLICE_X60Y37         LUT6 (Prop_lut6_I3_O)        0.045     1.785 r  u_p1/tile_y[2]_i_1__0/O
                         net (fo=1, routed)           0.000     1.785    u_p1/next_y[2]
    SLICE_X60Y37         FDPE                                         r  u_p1/tile_y_reg[2]/D
  -------------------------------------------------------------------    -------------------

                         (clock sys_clk_pin rise edge)
                                                      0.000     0.000 r  
    W5                                                0.000     0.000 r  clk (IN)
                         net (fo=0)                   0.000     0.000    clk
    W5                   IBUF (Prop_ibuf_I_O)         0.414     0.414 r  clk_IBUF_inst/O
                         net (fo=1, routed)           0.685     1.099    clk_IBUF
    BUFGCTRL_X0Y0        BUFG (Prop_bufg_I_O)         0.029     1.128 r  clk_IBUF_BUFG_inst/O
                         net (fo=522, routed)         0.860     1.987    u_p1/CLK
    SLICE_X60Y37         FDPE                                         r  u_p1/tile_y_reg[2]/C
                         clock pessimism             -0.500     1.487    
    SLICE_X60Y37         FDPE (Hold_fdpe_C_D)         0.121     1.608    u_p1/tile_y_reg[2]
  -------------------------------------------------------------------
                         required time                         -1.608    
                         arrival time                           1.785    
  -------------------------------------------------------------------
                         slack                                  0.177    

Slack (MET) :             0.177ns  (arrival time - required time)
  Source:                 u_vga/h_count_reg[1]/C
                            (rising edge-triggered cell FDCE clocked by sys_clk_pin  {rise@0.000ns fall@5.000ns period=10.000ns})
  Destination:            u_vga/h_count_reg[4]/D
                            (rising edge-triggered cell FDCE clocked by sys_clk_pin  {rise@0.000ns fall@5.000ns period=10.000ns})
  Path Group:             sys_clk_pin
  Path Type:              Hold (Min at Fast Process Corner)
  Requirement:            0.000ns  (sys_clk_pin rise@0.000ns - sys_clk_pin rise@0.000ns)
  Data Path Delay:        0.282ns  (logic 0.186ns (65.903%)  route 0.096ns (34.097%))
  Logic Levels:           1  (LUT6=1)
  Clock Path Skew:        0.013ns (DCD - SCD - CPR)
    Destination Clock Delay (DCD):    1.960ns
    Source Clock Delay      (SCD):    1.446ns
    Clock Pessimism Removal (CPR):    0.501ns

    Location             Delay type                Incr(ns)  Path(ns)    Netlist Resource(s)
  -------------------------------------------------------------------    -------------------
                         (clock sys_clk_pin rise edge)
                                                      0.000     0.000 r  
    W5                                                0.000     0.000 r  clk (IN)
                         net (fo=0)                   0.000     0.000    clk
    W5                   IBUF (Prop_ibuf_I_O)         0.226     0.226 r  clk_IBUF_inst/O
                         net (fo=1, routed)           0.631     0.858    clk_IBUF
    BUFGCTRL_X0Y0        BUFG (Prop_bufg_I_O)         0.026     0.884 r  clk_IBUF_BUFG_inst/O
                         net (fo=522, routed)         0.563     1.446    u_vga/CLK
    SLICE_X44Y51         FDCE                                         r  u_vga/h_count_reg[1]/C
  -------------------------------------------------------------------    -------------------
    SLICE_X44Y51         FDCE (Prop_fdce_C_Q)         0.141     1.587 r  u_vga/h_count_reg[1]/Q
                         net (fo=45, routed)          0.096     1.683    u_vga/h_count_reg_n_0_[1]
    SLICE_X45Y51         LUT6 (Prop_lut6_I4_O)        0.045     1.728 r  u_vga/h_count[4]_i_1/O
                         net (fo=1, routed)           0.000     1.728    u_vga/h_count[4]
    SLICE_X45Y51         FDCE                                         r  u_vga/h_count_reg[4]/D
  -------------------------------------------------------------------    -------------------

                         (clock sys_clk_pin rise edge)
                                                      0.000     0.000 r  
    W5                                                0.000     0.000 r  clk (IN)
                         net (fo=0)                   0.000     0.000    clk
    W5                   IBUF (Prop_ibuf_I_O)         0.414     0.414 r  clk_IBUF_inst/O
                         net (fo=1, routed)           0.685     1.099    clk_IBUF
    BUFGCTRL_X0Y0        BUFG (Prop_bufg_I_O)         0.029     1.128 r  clk_IBUF_BUFG_inst/O
                         net (fo=522, routed)         0.833     1.960    u_vga/CLK
    SLICE_X45Y51         FDCE                                         r  u_vga/h_count_reg[4]/C
                         clock pessimism             -0.501     1.459    
    SLICE_X45Y51         FDCE (Hold_fdce_C_D)         0.092     1.551    u_vga/h_count_reg[4]
  -------------------------------------------------------------------
                         required time                         -1.551    
                         arrival time                           1.728    
  -------------------------------------------------------------------
                         slack                                  0.177    

Slack (MET) :             0.178ns  (arrival time - required time)
  Source:                 u_ps2/data_shift_reg[6]/C
                            (rising edge-triggered cell FDCE clocked by sys_clk_pin  {rise@0.000ns fall@5.000ns period=10.000ns})
  Destination:            u_ps2/rx_byte_reg[6]/D
                            (rising edge-triggered cell FDCE clocked by sys_clk_pin  {rise@0.000ns fall@5.000ns period=10.000ns})
  Path Group:             sys_clk_pin
  Path Type:              Hold (Min at Fast Process Corner)
  Requirement:            0.000ns  (sys_clk_pin rise@0.000ns - sys_clk_pin rise@0.000ns)
  Data Path Delay:        0.292ns  (logic 0.164ns (56.194%)  route 0.128ns (43.806%))
  Logic Levels:           0  
  Clock Path Skew:        0.038ns (DCD - SCD - CPR)
    Destination Clock Delay (DCD):    1.991ns
    Source Clock Delay      (SCD):    1.475ns
    Clock Pessimism Removal (CPR):    0.478ns

    Location             Delay type                Incr(ns)  Path(ns)    Netlist Resource(s)
  -------------------------------------------------------------------    -------------------
                         (clock sys_clk_pin rise edge)
                                                      0.000     0.000 r  
    W5                                                0.000     0.000 r  clk (IN)
                         net (fo=0)                   0.000     0.000    clk
    W5                   IBUF (Prop_ibuf_I_O)         0.226     0.226 r  clk_IBUF_inst/O
                         net (fo=1, routed)           0.631     0.858    clk_IBUF
    BUFGCTRL_X0Y0        BUFG (Prop_bufg_I_O)         0.026     0.884 r  clk_IBUF_BUFG_inst/O
                         net (fo=522, routed)         0.592     1.475    u_ps2/CLK
    SLICE_X60Y56         FDCE                                         r  u_ps2/data_shift_reg[6]/C
  -------------------------------------------------------------------    -------------------
    SLICE_X60Y56         FDCE (Prop_fdce_C_Q)         0.164     1.639 r  u_ps2/data_shift_reg[6]/Q
                         net (fo=2, routed)           0.128     1.767    u_ps2/data_shift[6]
    SLICE_X62Y56         FDCE                                         r  u_ps2/rx_byte_reg[6]/D
  -------------------------------------------------------------------    -------------------

                         (clock sys_clk_pin rise edge)
                                                      0.000     0.000 r  
    W5                                                0.000     0.000 r  clk (IN)
                         net (fo=0)                   0.000     0.000    clk
    W5                   IBUF (Prop_ibuf_I_O)         0.414     0.414 r  clk_IBUF_inst/O
                         net (fo=1, routed)           0.685     1.099    clk_IBUF
    BUFGCTRL_X0Y0        BUFG (Prop_bufg_I_O)         0.029     1.128 r  clk_IBUF_BUFG_inst/O
                         net (fo=522, routed)         0.863     1.991    u_ps2/CLK
    SLICE_X62Y56         FDCE                                         r  u_ps2/rx_byte_reg[6]/C
                         clock pessimism             -0.478     1.513    
    SLICE_X62Y56         FDCE (Hold_fdce_C_D)         0.076     1.589    u_ps2/rx_byte_reg[6]
  -------------------------------------------------------------------
                         required time                         -1.589    
                         arrival time                           1.767    
  -------------------------------------------------------------------
                         slack                                  0.178    

Slack (MET) :             0.185ns  (arrival time - required time)
  Source:                 u_vga/v_count_reg[0]/C
                            (rising edge-triggered cell FDCE clocked by sys_clk_pin  {rise@0.000ns fall@5.000ns period=10.000ns})
  Destination:            u_vga/v_count_reg[1]/D
                            (rising edge-triggered cell FDCE clocked by sys_clk_pin  {rise@0.000ns fall@5.000ns period=10.000ns})
  Path Group:             sys_clk_pin
  Path Type:              Hold (Min at Fast Process Corner)
  Requirement:            0.000ns  (sys_clk_pin rise@0.000ns - sys_clk_pin rise@0.000ns)
  Data Path Delay:        0.545ns  (logic 0.186ns (34.152%)  route 0.359ns (65.848%))
  Logic Levels:           1  (LUT3=1)
  Clock Path Skew:        0.268ns (DCD - SCD - CPR)
    Destination Clock Delay (DCD):    1.960ns
    Source Clock Delay      (SCD):    1.448ns
    Clock Pessimism Removal (CPR):    0.244ns

    Location             Delay type                Incr(ns)  Path(ns)    Netlist Resource(s)
  -------------------------------------------------------------------    -------------------
                         (clock sys_clk_pin rise edge)
                                                      0.000     0.000 r  
    W5                                                0.000     0.000 r  clk (IN)
                         net (fo=0)                   0.000     0.000    clk
    W5                   IBUF (Prop_ibuf_I_O)         0.226     0.226 r  clk_IBUF_inst/O
                         net (fo=1, routed)           0.631     0.858    clk_IBUF
    BUFGCTRL_X0Y0        BUFG (Prop_bufg_I_O)         0.026     0.884 r  clk_IBUF_BUFG_inst/O
                         net (fo=522, routed)         0.565     1.448    u_vga/CLK
    SLICE_X44Y49         FDCE                                         r  u_vga/v_count_reg[0]/C
  -------------------------------------------------------------------    -------------------
    SLICE_X44Y49         FDCE (Prop_fdce_C_Q)         0.141     1.589 r  u_vga/v_count_reg[0]/Q
                         net (fo=8, routed)           0.359     1.948    u_vga/v_count_reg_n_0_[0]
    SLICE_X44Y50         LUT3 (Prop_lut3_I2_O)        0.045     1.993 r  u_vga/v_count[1]_i_1/O
                         net (fo=1, routed)           0.000     1.993    u_vga/v_count[1]
    SLICE_X44Y50         FDCE                                         r  u_vga/v_count_reg[1]/D
  -------------------------------------------------------------------    -------------------

                         (clock sys_clk_pin rise edge)
                                                      0.000     0.000 r  
    W5                                                0.000     0.000 r  clk (IN)
                         net (fo=0)                   0.000     0.000    clk
    W5                   IBUF (Prop_ibuf_I_O)         0.414     0.414 r  clk_IBUF_inst/O
                         net (fo=1, routed)           0.685     1.099    clk_IBUF
    BUFGCTRL_X0Y0        BUFG (Prop_bufg_I_O)         0.029     1.128 r  clk_IBUF_BUFG_inst/O
                         net (fo=522, routed)         0.833     1.960    u_vga/CLK
    SLICE_X44Y50         FDCE                                         r  u_vga/v_count_reg[1]/C
                         clock pessimism             -0.244     1.716    
    SLICE_X44Y50         FDCE (Hold_fdce_C_D)         0.092     1.808    u_vga/v_count_reg[1]
  -------------------------------------------------------------------
                         required time                         -1.808    
                         arrival time                           1.993    
  -------------------------------------------------------------------
                         slack                                  0.185    

Slack (MET) :             0.190ns  (arrival time - required time)
  Source:                 u_orders/lfsr_reg[6]/C
                            (rising edge-triggered cell FDPE clocked by sys_clk_pin  {rise@0.000ns fall@5.000ns period=10.000ns})
  Destination:            u_orders/lfsr_reg[0]/D
                            (rising edge-triggered cell FDCE clocked by sys_clk_pin  {rise@0.000ns fall@5.000ns period=10.000ns})
  Path Group:             sys_clk_pin
  Path Type:              Hold (Min at Fast Process Corner)
  Requirement:            0.000ns  (sys_clk_pin rise@0.000ns - sys_clk_pin rise@0.000ns)
  Data Path Delay:        0.281ns  (logic 0.227ns (80.665%)  route 0.054ns (19.335%))
  Logic Levels:           1  (LUT2=1)
  Clock Path Skew:        0.000ns (DCD - SCD - CPR)
    Destination Clock Delay (DCD):    1.961ns
    Source Clock Delay      (SCD):    1.447ns
    Clock Pessimism Removal (CPR):    0.514ns

    Location             Delay type                Incr(ns)  Path(ns)    Netlist Resource(s)
  -------------------------------------------------------------------    -------------------
                         (clock sys_clk_pin rise edge)
                                                      0.000     0.000 r  
    W5                                                0.000     0.000 r  clk (IN)
                         net (fo=0)                   0.000     0.000    clk
    W5                   IBUF (Prop_ibuf_I_O)         0.226     0.226 r  clk_IBUF_inst/O
                         net (fo=1, routed)           0.631     0.858    clk_IBUF
    BUFGCTRL_X0Y0        BUFG (Prop_bufg_I_O)         0.026     0.884 r  clk_IBUF_BUFG_inst/O
                         net (fo=522, routed)         0.564     1.447    u_orders/CLK
    SLICE_X47Y45         FDPE                                         r  u_orders/lfsr_reg[6]/C
  -------------------------------------------------------------------    -------------------
    SLICE_X47Y45         FDPE (Prop_fdpe_C_Q)         0.128     1.575 r  u_orders/lfsr_reg[6]/Q
                         net (fo=1, routed)           0.054     1.630    u_orders/r__0[6]
    SLICE_X47Y45         LUT2 (Prop_lut2_I0_O)        0.099     1.729 r  u_orders/lfsr[0]_i_1/O
                         net (fo=1, routed)           0.000     1.729    u_orders/p_0_out[0]
    SLICE_X47Y45         FDCE                                         r  u_orders/lfsr_reg[0]/D
  -------------------------------------------------------------------    -------------------

                         (clock sys_clk_pin rise edge)
                                                      0.000     0.000 r  
    W5                                                0.000     0.000 r  clk (IN)
                         net (fo=0)                   0.000     0.000    clk
    W5                   IBUF (Prop_ibuf_I_O)         0.414     0.414 r  clk_IBUF_inst/O
                         net (fo=1, routed)           0.685     1.099    clk_IBUF
    BUFGCTRL_X0Y0        BUFG (Prop_bufg_I_O)         0.029     1.128 r  clk_IBUF_BUFG_inst/O
                         net (fo=522, routed)         0.834     1.961    u_orders/CLK
    SLICE_X47Y45         FDCE                                         r  u_orders/lfsr_reg[0]/C
                         clock pessimism             -0.514     1.447    
    SLICE_X47Y45         FDCE (Hold_fdce_C_D)         0.091     1.538    u_orders/lfsr_reg[0]
  -------------------------------------------------------------------
                         required time                         -1.538    
                         arrival time                           1.729    
  -------------------------------------------------------------------
                         slack                                  0.190    

Slack (MET) :             0.203ns  (arrival time - required time)
  Source:                 u_ps2/data_shift_reg[3]/C
                            (rising edge-triggered cell FDCE clocked by sys_clk_pin  {rise@0.000ns fall@5.000ns period=10.000ns})
  Destination:            u_ps2/rx_byte_reg[3]/D
                            (rising edge-triggered cell FDCE clocked by sys_clk_pin  {rise@0.000ns fall@5.000ns period=10.000ns})
  Path Group:             sys_clk_pin
  Path Type:              Hold (Min at Fast Process Corner)
  Requirement:            0.000ns  (sys_clk_pin rise@0.000ns - sys_clk_pin rise@0.000ns)
  Data Path Delay:        0.267ns  (logic 0.141ns (52.714%)  route 0.126ns (47.286%))
  Logic Levels:           0  
  Clock Path Skew:        0.017ns (DCD - SCD - CPR)
    Destination Clock Delay (DCD):    1.991ns
    Source Clock Delay      (SCD):    1.475ns
    Clock Pessimism Removal (CPR):    0.499ns

    Location             Delay type                Incr(ns)  Path(ns)    Netlist Resource(s)
  -------------------------------------------------------------------    -------------------
                         (clock sys_clk_pin rise edge)
                                                      0.000     0.000 r  
    W5                                                0.000     0.000 r  clk (IN)
                         net (fo=0)                   0.000     0.000    clk
    W5                   IBUF (Prop_ibuf_I_O)         0.226     0.226 r  clk_IBUF_inst/O
                         net (fo=1, routed)           0.631     0.858    clk_IBUF
    BUFGCTRL_X0Y0        BUFG (Prop_bufg_I_O)         0.026     0.884 r  clk_IBUF_BUFG_inst/O
                         net (fo=522, routed)         0.592     1.475    u_ps2/CLK
    SLICE_X62Y57         FDCE                                         r  u_ps2/data_shift_reg[3]/C
  -------------------------------------------------------------------    -------------------
    SLICE_X62Y57         FDCE (Prop_fdce_C_Q)         0.141     1.616 r  u_ps2/data_shift_reg[3]/Q
                         net (fo=2, routed)           0.126     1.743    u_ps2/data_shift[3]
    SLICE_X62Y56         FDCE                                         r  u_ps2/rx_byte_reg[3]/D
  -------------------------------------------------------------------    -------------------

                         (clock sys_clk_pin rise edge)
                                                      0.000     0.000 r  
    W5                                                0.000     0.000 r  clk (IN)
                         net (fo=0)                   0.000     0.000    clk
    W5                   IBUF (Prop_ibuf_I_O)         0.414     0.414 r  clk_IBUF_inst/O
                         net (fo=1, routed)           0.685     1.099    clk_IBUF
    BUFGCTRL_X0Y0        BUFG (Prop_bufg_I_O)         0.029     1.128 r  clk_IBUF_BUFG_inst/O
                         net (fo=522, routed)         0.863     1.991    u_ps2/CLK
    SLICE_X62Y56         FDCE                                         r  u_ps2/rx_byte_reg[3]/C
                         clock pessimism             -0.499     1.492    
    SLICE_X62Y56         FDCE (Hold_fdce_C_D)         0.047     1.539    u_ps2/rx_byte_reg[3]
  -------------------------------------------------------------------
                         required time                         -1.539    
                         arrival time                           1.743    
  -------------------------------------------------------------------
                         slack                                  0.203    

Slack (MET) :             0.209ns  (arrival time - required time)
  Source:                 u_ps2/data_shift_reg[2]/C
                            (rising edge-triggered cell FDCE clocked by sys_clk_pin  {rise@0.000ns fall@5.000ns period=10.000ns})
  Destination:            u_ps2/rx_byte_reg[2]/D
                            (rising edge-triggered cell FDCE clocked by sys_clk_pin  {rise@0.000ns fall@5.000ns period=10.000ns})
  Path Group:             sys_clk_pin
  Path Type:              Hold (Min at Fast Process Corner)
  Requirement:            0.000ns  (sys_clk_pin rise@0.000ns - sys_clk_pin rise@0.000ns)
  Data Path Delay:        0.294ns  (logic 0.164ns (55.733%)  route 0.130ns (44.267%))
  Logic Levels:           0  
  Clock Path Skew:        0.038ns (DCD - SCD - CPR)
    Destination Clock Delay (DCD):    1.991ns
    Source Clock Delay      (SCD):    1.475ns
    Clock Pessimism Removal (CPR):    0.478ns

    Location             Delay type                Incr(ns)  Path(ns)    Netlist Resource(s)
  -------------------------------------------------------------------    -------------------
                         (clock sys_clk_pin rise edge)
                                                      0.000     0.000 r  
    W5                                                0.000     0.000 r  clk (IN)
                         net (fo=0)                   0.000     0.000    clk
    W5                   IBUF (Prop_ibuf_I_O)         0.226     0.226 r  clk_IBUF_inst/O
                         net (fo=1, routed)           0.631     0.858    clk_IBUF
    BUFGCTRL_X0Y0        BUFG (Prop_bufg_I_O)         0.026     0.884 r  clk_IBUF_BUFG_inst/O
                         net (fo=522, routed)         0.592     1.475    u_ps2/CLK
    SLICE_X60Y56         FDCE                                         r  u_ps2/data_shift_reg[2]/C
  -------------------------------------------------------------------    -------------------
    SLICE_X60Y56         FDCE (Prop_fdce_C_Q)         0.164     1.639 r  u_ps2/data_shift_reg[2]/Q
                         net (fo=2, routed)           0.130     1.769    u_ps2/data_shift[2]
    SLICE_X62Y56         FDCE                                         r  u_ps2/rx_byte_reg[2]/D
  -------------------------------------------------------------------    -------------------

                         (clock sys_clk_pin rise edge)
                                                      0.000     0.000 r  
    W5                                                0.000     0.000 r  clk (IN)
                         net (fo=0)                   0.000     0.000    clk
    W5                   IBUF (Prop_ibuf_I_O)         0.414     0.414 r  clk_IBUF_inst/O
                         net (fo=1, routed)           0.685     1.099    clk_IBUF
    BUFGCTRL_X0Y0        BUFG (Prop_bufg_I_O)         0.029     1.128 r  clk_IBUF_BUFG_inst/O
                         net (fo=522, routed)         0.863     1.991    u_ps2/CLK
    SLICE_X62Y56         FDCE                                         r  u_ps2/rx_byte_reg[2]/C
                         clock pessimism             -0.478     1.513    
    SLICE_X62Y56         FDCE (Hold_fdce_C_D)         0.047     1.560    u_ps2/rx_byte_reg[2]
  -------------------------------------------------------------------
                         required time                         -1.560    
                         arrival time                           1.769    
  -------------------------------------------------------------------
                         slack                                  0.209    





Pulse Width Checks
--------------------------------------------------------------------------------------
Clock Name:         sys_clk_pin
Waveform(ns):       { 0.000 5.000 }
Period(ns):         10.000
Sources:            { clk }

Check Type        Corner  Lib Pin  Reference Pin  Required(ns)  Actual(ns)  Slack(ns)  Location       Pin
Min Period        n/a     BUFG/I   n/a            2.155         10.000      7.845      BUFGCTRL_X0Y0  clk_IBUF_BUFG_inst/I
Min Period        n/a     FDCE/C   n/a            1.000         10.000      9.000      SLICE_X58Y32   btnC_prev_reg/C
Min Period        n/a     FDCE/C   n/a            1.000         10.000      9.000      SLICE_X57Y55   game_over_prev_reg/C
Min Period        n/a     FDCE/C   n/a            1.000         10.000      9.000      SLICE_X58Y31   game_state_reg[0]/C
Min Period        n/a     FDCE/C   n/a            1.000         10.000      9.000      SLICE_X58Y31   game_state_reg[1]/C
Min Period        n/a     FDCE/C   n/a            1.000         10.000      9.000      SLICE_X45Y39   led_cnt_reg[0]/C
Min Period        n/a     FDCE/C   n/a            1.000         10.000      9.000      SLICE_X62Y47   u_stations/assembly_items_reg[6][3]/C
Min Period        n/a     FDCE/C   n/a            1.000         10.000      9.000      SLICE_X61Y47   u_stations/assembly_items_reg[6][4]/C
Min Period        n/a     FDCE/C   n/a            1.000         10.000      9.000      SLICE_X63Y45   u_stations/assembly_items_reg[7][0]/C
Min Period        n/a     FDCE/C   n/a            1.000         10.000      9.000      SLICE_X61Y45   u_stations/assembly_items_reg[7][1]/C
Low Pulse Width   Slow    FDCE/C   n/a            0.500         5.000       4.500      SLICE_X45Y39   led_cnt_reg[0]/C
Low Pulse Width   Slow    FDCE/C   n/a            0.500         5.000       4.500      SLICE_X53Y36   u_stations/p2_item_reg[4]/C
Low Pulse Width   Slow    FDCE/C   n/a            0.500         5.000       4.500      SLICE_X45Y41   led_cnt_reg[10]/C
Low Pulse Width   Slow    FDCE/C   n/a            0.500         5.000       4.500      SLICE_X45Y41   led_cnt_reg[11]/C
Low Pulse Width   Slow    FDCE/C   n/a            0.500         5.000       4.500      SLICE_X45Y42   led_cnt_reg[12]/C
Low Pulse Width   Slow    FDCE/C   n/a            0.500         5.000       4.500      SLICE_X45Y42   led_cnt_reg[13]/C
Low Pulse Width   Slow    FDCE/C   n/a            0.500         5.000       4.500      SLICE_X45Y42   led_cnt_reg[14]/C
Low Pulse Width   Slow    FDCE/C   n/a            0.500         5.000       4.500      SLICE_X45Y42   led_cnt_reg[15]/C
Low Pulse Width   Slow    FDCE/C   n/a            0.500         5.000       4.500      SLICE_X45Y39   led_cnt_reg[1]/C
Low Pulse Width   Slow    FDCE/C   n/a            0.500         5.000       4.500      SLICE_X45Y39   led_cnt_reg[2]/C
High Pulse Width  Slow    FDCE/C   n/a            0.500         5.000       4.500      SLICE_X58Y32   btnC_prev_reg/C
High Pulse Width  Slow    FDCE/C   n/a            0.500         5.000       4.500      SLICE_X62Y47   u_stations/assembly_items_reg[6][3]/C
High Pulse Width  Slow    FDCE/C   n/a            0.500         5.000       4.500      SLICE_X61Y47   u_stations/assembly_items_reg[6][4]/C
High Pulse Width  Slow    FDCE/C   n/a            0.500         5.000       4.500      SLICE_X63Y45   u_stations/assembly_items_reg[7][0]/C
High Pulse Width  Slow    FDCE/C   n/a            0.500         5.000       4.500      SLICE_X61Y45   u_stations/assembly_items_reg[7][1]/C
High Pulse Width  Slow    FDCE/C   n/a            0.500         5.000       4.500      SLICE_X62Y45   u_stations/assembly_items_reg[7][2]/C
High Pulse Width  Slow    FDCE/C   n/a            0.500         5.000       4.500      SLICE_X61Y44   u_stations/assembly_items_reg[7][3]/C
High Pulse Width  Slow    FDCE/C   n/a            0.500         5.000       4.500      SLICE_X61Y44   u_stations/assembly_items_reg[7][4]/C
High Pulse Width  Slow    FDCE/C   n/a            0.500         5.000       4.500      SLICE_X60Y46   u_stations/assembly_items_reg[8][0]/C
High Pulse Width  Slow    FDCE/C   n/a            0.500         5.000       4.500      SLICE_X60Y45   u_stations/assembly_items_reg[8][1]/C



---------------------------------------------------------------------------------------------------
Path Group:  **async_default**
From Clock:  sys_clk_pin
  To Clock:  sys_clk_pin

Setup :            0  Failing Endpoints,  Worst Slack        3.408ns,  Total Violation        0.000ns
Hold  :            0  Failing Endpoints,  Worst Slack        0.966ns,  Total Violation        0.000ns
---------------------------------------------------------------------------------------------------


Max Delay Paths
--------------------------------------------------------------------------------------
Slack (MET) :             3.408ns  (required time - arrival time)
  Source:                 game_state_reg[1]/C
                            (rising edge-triggered cell FDCE clocked by sys_clk_pin  {rise@0.000ns fall@5.000ns period=10.000ns})
  Destination:            u_stations/cook_burn_timer_reg[2][0]/CLR
                            (recovery check against rising-edge clock sys_clk_pin  {rise@0.000ns fall@5.000ns period=10.000ns})
  Path Group:             **async_default**
  Path Type:              Recovery (Max at Slow Process Corner)
  Requirement:            10.000ns  (sys_clk_pin rise@10.000ns - sys_clk_pin rise@0.000ns)
  Data Path Delay:        6.137ns  (logic 0.718ns (11.700%)  route 5.419ns (88.300%))
  Logic Levels:           1  (LUT3=1)
  Clock Path Skew:        -0.101ns (DCD - SCD + CPR)
    Destination Clock Delay (DCD):    4.786ns = ( 14.786 - 10.000 ) 
    Source Clock Delay      (SCD):    5.147ns
    Clock Pessimism Removal (CPR):    0.260ns
  Clock Uncertainty:      0.035ns  ((TSJ^2 + TIJ^2)^1/2 + DJ) / 2 + PE
    Total System Jitter     (TSJ):    0.071ns
    Total Input Jitter      (TIJ):    0.000ns
    Discrete Jitter          (DJ):    0.000ns
    Phase Error              (PE):    0.000ns

    Location             Delay type                Incr(ns)  Path(ns)    Netlist Resource(s)
  -------------------------------------------------------------------    -------------------
                         (clock sys_clk_pin rise edge)
                                                      0.000     0.000 r  
    W5                                                0.000     0.000 r  clk (IN)
                         net (fo=0)                   0.000     0.000    clk
    W5                   IBUF (Prop_ibuf_I_O)         1.458     1.458 r  clk_IBUF_inst/O
                         net (fo=1, routed)           1.967     3.425    clk_IBUF
    BUFGCTRL_X0Y0        BUFG (Prop_bufg_I_O)         0.096     3.521 r  clk_IBUF_BUFG_inst/O
                         net (fo=522, routed)         1.626     5.147    clk_IBUF_BUFG
    SLICE_X58Y31         FDCE                                         r  game_state_reg[1]/C
  -------------------------------------------------------------------    -------------------
    SLICE_X58Y31         FDCE (Prop_fdce_C_Q)         0.419     5.566 f  game_state_reg[1]/Q
                         net (fo=33, routed)          1.318     6.884    u_stations/game_state[1]
    SLICE_X60Y43         LUT3 (Prop_lut3_I1_O)        0.299     7.183 f  u_stations/assembly_items[1][2]_i_2/O
                         net (fo=101, routed)         4.101    11.284    u_stations/AR[0]
    SLICE_X52Y33         FDCE                                         f  u_stations/cook_burn_timer_reg[2][0]/CLR
  -------------------------------------------------------------------    -------------------

                         (clock sys_clk_pin rise edge)
                                                     10.000    10.000 r  
    W5                                                0.000    10.000 r  clk (IN)
                         net (fo=0)                   0.000    10.000    clk
    W5                   IBUF (Prop_ibuf_I_O)         1.388    11.388 r  clk_IBUF_inst/O
                         net (fo=1, routed)           1.862    13.250    clk_IBUF
    BUFGCTRL_X0Y0        BUFG (Prop_bufg_I_O)         0.091    13.341 r  clk_IBUF_BUFG_inst/O
                         net (fo=522, routed)         1.445    14.786    u_stations/CLK
    SLICE_X52Y33         FDCE                                         r  u_stations/cook_burn_timer_reg[2][0]/C
                         clock pessimism              0.260    15.046    
                         clock uncertainty           -0.035    15.011    
    SLICE_X52Y33         FDCE (Recov_fdce_C_CLR)     -0.319    14.692    u_stations/cook_burn_timer_reg[2][0]
  -------------------------------------------------------------------
                         required time                         14.692    
                         arrival time                         -11.284    
  -------------------------------------------------------------------
                         slack                                  3.408    

Slack (MET) :             3.545ns  (required time - arrival time)
  Source:                 game_state_reg[0]/C
                            (rising edge-triggered cell FDCE clocked by sys_clk_pin  {rise@0.000ns fall@5.000ns period=10.000ns})
  Destination:            u_stations/chop_timer_reg[0][0]/CLR
                            (recovery check against rising-edge clock sys_clk_pin  {rise@0.000ns fall@5.000ns period=10.000ns})
  Path Group:             **async_default**
  Path Type:              Recovery (Max at Slow Process Corner)
  Requirement:            10.000ns  (sys_clk_pin rise@10.000ns - sys_clk_pin rise@0.000ns)
  Data Path Delay:        5.998ns  (logic 0.580ns (9.669%)  route 5.418ns (90.331%))
  Logic Levels:           1  (LUT3=1)
  Clock Path Skew:        -0.102ns (DCD - SCD + CPR)
    Destination Clock Delay (DCD):    4.785ns = ( 14.785 - 10.000 ) 
    Source Clock Delay      (SCD):    5.147ns
    Clock Pessimism Removal (CPR):    0.260ns
  Clock Uncertainty:      0.035ns  ((TSJ^2 + TIJ^2)^1/2 + DJ) / 2 + PE
    Total System Jitter     (TSJ):    0.071ns
    Total Input Jitter      (TIJ):    0.000ns
    Discrete Jitter          (DJ):    0.000ns
    Phase Error              (PE):    0.000ns

    Location             Delay type                Incr(ns)  Path(ns)    Netlist Resource(s)
  -------------------------------------------------------------------    -------------------
                         (clock sys_clk_pin rise edge)
                                                      0.000     0.000 r  
    W5                                                0.000     0.000 r  clk (IN)
                         net (fo=0)                   0.000     0.000    clk
    W5                   IBUF (Prop_ibuf_I_O)         1.458     1.458 r  clk_IBUF_inst/O
                         net (fo=1, routed)           1.967     3.425    clk_IBUF
    BUFGCTRL_X0Y0        BUFG (Prop_bufg_I_O)         0.096     3.521 r  clk_IBUF_BUFG_inst/O
                         net (fo=522, routed)         1.626     5.147    clk_IBUF_BUFG
    SLICE_X58Y31         FDCE                                         r  game_state_reg[0]/C
  -------------------------------------------------------------------    -------------------
    SLICE_X58Y31         FDCE (Prop_fdce_C_Q)         0.456     5.603 r  game_state_reg[0]/Q
                         net (fo=33, routed)          1.696     7.299    u_stations/game_state[0]
    SLICE_X46Y41         LUT3 (Prop_lut3_I2_O)        0.124     7.423 f  u_stations/belt_step_counter[21]_i_2/O
                         net (fo=101, routed)         3.722    11.146    u_stations/AR[1]
    SLICE_X52Y32         FDCE                                         f  u_stations/chop_timer_reg[0][0]/CLR
  -------------------------------------------------------------------    -------------------

                         (clock sys_clk_pin rise edge)
                                                     10.000    10.000 r  
    W5                                                0.000    10.000 r  clk (IN)
                         net (fo=0)                   0.000    10.000    clk
    W5                   IBUF (Prop_ibuf_I_O)         1.388    11.388 r  clk_IBUF_inst/O
                         net (fo=1, routed)           1.862    13.250    clk_IBUF
    BUFGCTRL_X0Y0        BUFG (Prop_bufg_I_O)         0.091    13.341 r  clk_IBUF_BUFG_inst/O
                         net (fo=522, routed)         1.444    14.785    u_stations/CLK
    SLICE_X52Y32         FDCE                                         r  u_stations/chop_timer_reg[0][0]/C
                         clock pessimism              0.260    15.045    
                         clock uncertainty           -0.035    15.010    
    SLICE_X52Y32         FDCE (Recov_fdce_C_CLR)     -0.319    14.691    u_stations/chop_timer_reg[0][0]
  -------------------------------------------------------------------
                         required time                         14.691    
                         arrival time                         -11.146    
  -------------------------------------------------------------------
                         slack                                  3.545    

Slack (MET) :             3.545ns  (required time - arrival time)
  Source:                 game_state_reg[0]/C
                            (rising edge-triggered cell FDCE clocked by sys_clk_pin  {rise@0.000ns fall@5.000ns period=10.000ns})
  Destination:            u_stations/chop_timer_reg[0][2]/CLR
                            (recovery check against rising-edge clock sys_clk_pin  {rise@0.000ns fall@5.000ns period=10.000ns})
  Path Group:             **async_default**
  Path Type:              Recovery (Max at Slow Process Corner)
  Requirement:            10.000ns  (sys_clk_pin rise@10.000ns - sys_clk_pin rise@0.000ns)
  Data Path Delay:        5.998ns  (logic 0.580ns (9.669%)  route 5.418ns (90.331%))
  Logic Levels:           1  (LUT3=1)
  Clock Path Skew:        -0.102ns (DCD - SCD + CPR)
    Destination Clock Delay (DCD):    4.785ns = ( 14.785 - 10.000 ) 
    Source Clock Delay      (SCD):    5.147ns
    Clock Pessimism Removal (CPR):    0.260ns
  Clock Uncertainty:      0.035ns  ((TSJ^2 + TIJ^2)^1/2 + DJ) / 2 + PE
    Total System Jitter     (TSJ):    0.071ns
    Total Input Jitter      (TIJ):    0.000ns
    Discrete Jitter          (DJ):    0.000ns
    Phase Error              (PE):    0.000ns

    Location             Delay type                Incr(ns)  Path(ns)    Netlist Resource(s)
  -------------------------------------------------------------------    -------------------
                         (clock sys_clk_pin rise edge)
                                                      0.000     0.000 r  
    W5                                                0.000     0.000 r  clk (IN)
                         net (fo=0)                   0.000     0.000    clk
    W5                   IBUF (Prop_ibuf_I_O)         1.458     1.458 r  clk_IBUF_inst/O
                         net (fo=1, routed)           1.967     3.425    clk_IBUF
    BUFGCTRL_X0Y0        BUFG (Prop_bufg_I_O)         0.096     3.521 r  clk_IBUF_BUFG_inst/O
                         net (fo=522, routed)         1.626     5.147    clk_IBUF_BUFG
    SLICE_X58Y31         FDCE                                         r  game_state_reg[0]/C
  -------------------------------------------------------------------    -------------------
    SLICE_X58Y31         FDCE (Prop_fdce_C_Q)         0.456     5.603 r  game_state_reg[0]/Q
                         net (fo=33, routed)          1.696     7.299    u_stations/game_state[0]
    SLICE_X46Y41         LUT3 (Prop_lut3_I2_O)        0.124     7.423 f  u_stations/belt_step_counter[21]_i_2/O
                         net (fo=101, routed)         3.722    11.146    u_stations/AR[1]
    SLICE_X52Y32         FDCE                                         f  u_stations/chop_timer_reg[0][2]/CLR
  -------------------------------------------------------------------    -------------------

                         (clock sys_clk_pin rise edge)
                                                     10.000    10.000 r  
    W5                                                0.000    10.000 r  clk (IN)
                         net (fo=0)                   0.000    10.000    clk
    W5                   IBUF (Prop_ibuf_I_O)         1.388    11.388 r  clk_IBUF_inst/O
                         net (fo=1, routed)           1.862    13.250    clk_IBUF
    BUFGCTRL_X0Y0        BUFG (Prop_bufg_I_O)         0.091    13.341 r  clk_IBUF_BUFG_inst/O
                         net (fo=522, routed)         1.444    14.785    u_stations/CLK
    SLICE_X52Y32         FDCE                                         r  u_stations/chop_timer_reg[0][2]/C
                         clock pessimism              0.260    15.045    
                         clock uncertainty           -0.035    15.010    
    SLICE_X52Y32         FDCE (Recov_fdce_C_CLR)     -0.319    14.691    u_stations/chop_timer_reg[0][2]
  -------------------------------------------------------------------
                         required time                         14.691    
                         arrival time                         -11.146    
  -------------------------------------------------------------------
                         slack                                  3.545    

Slack (MET) :             3.647ns  (required time - arrival time)
  Source:                 game_state_reg[1]/C
                            (rising edge-triggered cell FDCE clocked by sys_clk_pin  {rise@0.000ns fall@5.000ns period=10.000ns})
  Destination:            u_stations/p1_item_reg[2]/CLR
                            (recovery check against rising-edge clock sys_clk_pin  {rise@0.000ns fall@5.000ns period=10.000ns})
  Path Group:             **async_default**
  Path Type:              Recovery (Max at Slow Process Corner)
  Requirement:            10.000ns  (sys_clk_pin rise@10.000ns - sys_clk_pin rise@0.000ns)
  Data Path Delay:        5.813ns  (logic 0.718ns (12.352%)  route 5.095ns (87.648%))
  Logic Levels:           1  (LUT3=1)
  Clock Path Skew:        -0.100ns (DCD - SCD + CPR)
    Destination Clock Delay (DCD):    4.787ns = ( 14.787 - 10.000 ) 
    Source Clock Delay      (SCD):    5.147ns
    Clock Pessimism Removal (CPR):    0.260ns
  Clock Uncertainty:      0.035ns  ((TSJ^2 + TIJ^2)^1/2 + DJ) / 2 + PE
    Total System Jitter     (TSJ):    0.071ns
    Total Input Jitter      (TIJ):    0.000ns
    Discrete Jitter          (DJ):    0.000ns
    Phase Error              (PE):    0.000ns

    Location             Delay type                Incr(ns)  Path(ns)    Netlist Resource(s)
  -------------------------------------------------------------------    -------------------
                         (clock sys_clk_pin rise edge)
                                                      0.000     0.000 r  
    W5                                                0.000     0.000 r  clk (IN)
                         net (fo=0)                   0.000     0.000    clk
    W5                   IBUF (Prop_ibuf_I_O)         1.458     1.458 r  clk_IBUF_inst/O
                         net (fo=1, routed)           1.967     3.425    clk_IBUF
    BUFGCTRL_X0Y0        BUFG (Prop_bufg_I_O)         0.096     3.521 r  clk_IBUF_BUFG_inst/O
                         net (fo=522, routed)         1.626     5.147    clk_IBUF_BUFG
    SLICE_X58Y31         FDCE                                         r  game_state_reg[1]/C
  -------------------------------------------------------------------    -------------------
    SLICE_X58Y31         FDCE (Prop_fdce_C_Q)         0.419     5.566 f  game_state_reg[1]/Q
                         net (fo=33, routed)          1.318     6.884    u_stations/game_state[1]
    SLICE_X60Y43         LUT3 (Prop_lut3_I1_O)        0.299     7.183 f  u_stations/assembly_items[1][2]_i_2/O
                         net (fo=101, routed)         3.777    10.960    u_stations/AR[0]
    SLICE_X53Y34         FDCE                                         f  u_stations/p1_item_reg[2]/CLR
  -------------------------------------------------------------------    -------------------

                         (clock sys_clk_pin rise edge)
                                                     10.000    10.000 r  
    W5                                                0.000    10.000 r  clk (IN)
                         net (fo=0)                   0.000    10.000    clk
    W5                   IBUF (Prop_ibuf_I_O)         1.388    11.388 r  clk_IBUF_inst/O
                         net (fo=1, routed)           1.862    13.250    clk_IBUF
    BUFGCTRL_X0Y0        BUFG (Prop_bufg_I_O)         0.091    13.341 r  clk_IBUF_BUFG_inst/O
                         net (fo=522, routed)         1.446    14.787    u_stations/CLK
    SLICE_X53Y34         FDCE                                         r  u_stations/p1_item_reg[2]/C
                         clock pessimism              0.260    15.047    
                         clock uncertainty           -0.035    15.012    
    SLICE_X53Y34         FDCE (Recov_fdce_C_CLR)     -0.405    14.607    u_stations/p1_item_reg[2]
  -------------------------------------------------------------------
                         required time                         14.607    
                         arrival time                         -10.960    
  -------------------------------------------------------------------
                         slack                                  3.647    

Slack (MET) :             3.691ns  (required time - arrival time)
  Source:                 game_state_reg[1]/C
                            (rising edge-triggered cell FDCE clocked by sys_clk_pin  {rise@0.000ns fall@5.000ns period=10.000ns})
  Destination:            u_stations/cook_item_reg[2][2]/CLR
                            (recovery check against rising-edge clock sys_clk_pin  {rise@0.000ns fall@5.000ns period=10.000ns})
  Path Group:             **async_default**
  Path Type:              Recovery (Max at Slow Process Corner)
  Requirement:            10.000ns  (sys_clk_pin rise@10.000ns - sys_clk_pin rise@0.000ns)
  Data Path Delay:        5.813ns  (logic 0.718ns (12.352%)  route 5.095ns (87.648%))
  Logic Levels:           1  (LUT3=1)
  Clock Path Skew:        -0.100ns (DCD - SCD + CPR)
    Destination Clock Delay (DCD):    4.787ns = ( 14.787 - 10.000 ) 
    Source Clock Delay      (SCD):    5.147ns
    Clock Pessimism Removal (CPR):    0.260ns
  Clock Uncertainty:      0.035ns  ((TSJ^2 + TIJ^2)^1/2 + DJ) / 2 + PE
    Total System Jitter     (TSJ):    0.071ns
    Total Input Jitter      (TIJ):    0.000ns
    Discrete Jitter          (DJ):    0.000ns
    Phase Error              (PE):    0.000ns

    Location             Delay type                Incr(ns)  Path(ns)    Netlist Resource(s)
  -------------------------------------------------------------------    -------------------
                         (clock sys_clk_pin rise edge)
                                                      0.000     0.000 r  
    W5                                                0.000     0.000 r  clk (IN)
                         net (fo=0)                   0.000     0.000    clk
    W5                   IBUF (Prop_ibuf_I_O)         1.458     1.458 r  clk_IBUF_inst/O
                         net (fo=1, routed)           1.967     3.425    clk_IBUF
    BUFGCTRL_X0Y0        BUFG (Prop_bufg_I_O)         0.096     3.521 r  clk_IBUF_BUFG_inst/O
                         net (fo=522, routed)         1.626     5.147    clk_IBUF_BUFG
    SLICE_X58Y31         FDCE                                         r  game_state_reg[1]/C
  -------------------------------------------------------------------    -------------------
    SLICE_X58Y31         FDCE (Prop_fdce_C_Q)         0.419     5.566 f  game_state_reg[1]/Q
                         net (fo=33, routed)          1.318     6.884    u_stations/game_state[1]
    SLICE_X60Y43         LUT3 (Prop_lut3_I1_O)        0.299     7.183 f  u_stations/assembly_items[1][2]_i_2/O
                         net (fo=101, routed)         3.777    10.960    u_stations/AR[0]
    SLICE_X52Y34         FDCE                                         f  u_stations/cook_item_reg[2][2]/CLR
  -------------------------------------------------------------------    -------------------

                         (clock sys_clk_pin rise edge)
                                                     10.000    10.000 r  
    W5                                                0.000    10.000 r  clk (IN)
                         net (fo=0)                   0.000    10.000    clk
    W5                   IBUF (Prop_ibuf_I_O)         1.388    11.388 r  clk_IBUF_inst/O
                         net (fo=1, routed)           1.862    13.250    clk_IBUF
    BUFGCTRL_X0Y0        BUFG (Prop_bufg_I_O)         0.091    13.341 r  clk_IBUF_BUFG_inst/O
                         net (fo=522, routed)         1.446    14.787    u_stations/CLK
    SLICE_X52Y34         FDCE                                         r  u_stations/cook_item_reg[2][2]/C
                         clock pessimism              0.260    15.047    
                         clock uncertainty           -0.035    15.012    
    SLICE_X52Y34         FDCE (Recov_fdce_C_CLR)     -0.361    14.651    u_stations/cook_item_reg[2][2]
  -------------------------------------------------------------------
                         required time                         14.651    
                         arrival time                         -10.960    
  -------------------------------------------------------------------
                         slack                                  3.691    

Slack (MET) :             3.733ns  (required time - arrival time)
  Source:                 game_state_reg[1]/C
                            (rising edge-triggered cell FDCE clocked by sys_clk_pin  {rise@0.000ns fall@5.000ns period=10.000ns})
  Destination:            u_stations/cook_item_reg[2][1]/CLR
                            (recovery check against rising-edge clock sys_clk_pin  {rise@0.000ns fall@5.000ns period=10.000ns})
  Path Group:             **async_default**
  Path Type:              Recovery (Max at Slow Process Corner)
  Requirement:            10.000ns  (sys_clk_pin rise@10.000ns - sys_clk_pin rise@0.000ns)
  Data Path Delay:        5.813ns  (logic 0.718ns (12.352%)  route 5.095ns (87.648%))
  Logic Levels:           1  (LUT3=1)
  Clock Path Skew:        -0.100ns (DCD - SCD + CPR)
    Destination Clock Delay (DCD):    4.787ns = ( 14.787 - 10.000 ) 
    Source Clock Delay      (SCD):    5.147ns
    Clock Pessimism Removal (CPR):    0.260ns
  Clock Uncertainty:      0.035ns  ((TSJ^2 + TIJ^2)^1/2 + DJ) / 2 + PE
    Total System Jitter     (TSJ):    0.071ns
    Total Input Jitter      (TIJ):    0.000ns
    Discrete Jitter          (DJ):    0.000ns
    Phase Error              (PE):    0.000ns

    Location             Delay type                Incr(ns)  Path(ns)    Netlist Resource(s)
  -------------------------------------------------------------------    -------------------
                         (clock sys_clk_pin rise edge)
                                                      0.000     0.000 r  
    W5                                                0.000     0.000 r  clk (IN)
                         net (fo=0)                   0.000     0.000    clk
    W5                   IBUF (Prop_ibuf_I_O)         1.458     1.458 r  clk_IBUF_inst/O
                         net (fo=1, routed)           1.967     3.425    clk_IBUF
    BUFGCTRL_X0Y0        BUFG (Prop_bufg_I_O)         0.096     3.521 r  clk_IBUF_BUFG_inst/O
                         net (fo=522, routed)         1.626     5.147    clk_IBUF_BUFG
    SLICE_X58Y31         FDCE                                         r  game_state_reg[1]/C
  -------------------------------------------------------------------    -------------------
    SLICE_X58Y31         FDCE (Prop_fdce_C_Q)         0.419     5.566 f  game_state_reg[1]/Q
                         net (fo=33, routed)          1.318     6.884    u_stations/game_state[1]
    SLICE_X60Y43         LUT3 (Prop_lut3_I1_O)        0.299     7.183 f  u_stations/assembly_items[1][2]_i_2/O
                         net (fo=101, routed)         3.777    10.960    u_stations/AR[0]
    SLICE_X52Y34         FDCE                                         f  u_stations/cook_item_reg[2][1]/CLR
  -------------------------------------------------------------------    -------------------

                         (clock sys_clk_pin rise edge)
                                                     10.000    10.000 r  
    W5                                                0.000    10.000 r  clk (IN)
                         net (fo=0)                   0.000    10.000    clk
    W5                   IBUF (Prop_ibuf_I_O)         1.388    11.388 r  clk_IBUF_inst/O
                         net (fo=1, routed)           1.862    13.250    clk_IBUF
    BUFGCTRL_X0Y0        BUFG (Prop_bufg_I_O)         0.091    13.341 r  clk_IBUF_BUFG_inst/O
                         net (fo=522, routed)         1.446    14.787    u_stations/CLK
    SLICE_X52Y34         FDCE                                         r  u_stations/cook_item_reg[2][1]/C
                         clock pessimism              0.260    15.047    
                         clock uncertainty           -0.035    15.012    
    SLICE_X52Y34         FDCE (Recov_fdce_C_CLR)     -0.319    14.693    u_stations/cook_item_reg[2][1]
  -------------------------------------------------------------------
                         required time                         14.693    
                         arrival time                         -10.960    
  -------------------------------------------------------------------
                         slack                                  3.733    

Slack (MET) :             3.733ns  (required time - arrival time)
  Source:                 game_state_reg[1]/C
                            (rising edge-triggered cell FDCE clocked by sys_clk_pin  {rise@0.000ns fall@5.000ns period=10.000ns})
  Destination:            u_stations/cook_item_reg[2][3]/CLR
                            (recovery check against rising-edge clock sys_clk_pin  {rise@0.000ns fall@5.000ns period=10.000ns})
  Path Group:             **async_default**
  Path Type:              Recovery (Max at Slow Process Corner)
  Requirement:            10.000ns  (sys_clk_pin rise@10.000ns - sys_clk_pin rise@0.000ns)
  Data Path Delay:        5.813ns  (logic 0.718ns (12.352%)  route 5.095ns (87.648%))
  Logic Levels:           1  (LUT3=1)
  Clock Path Skew:        -0.100ns (DCD - SCD + CPR)
    Destination Clock Delay (DCD):    4.787ns = ( 14.787 - 10.000 ) 
    Source Clock Delay      (SCD):    5.147ns
    Clock Pessimism Removal (CPR):    0.260ns
  Clock Uncertainty:      0.035ns  ((TSJ^2 + TIJ^2)^1/2 + DJ) / 2 + PE
    Total System Jitter     (TSJ):    0.071ns
    Total Input Jitter      (TIJ):    0.000ns
    Discrete Jitter          (DJ):    0.000ns
    Phase Error              (PE):    0.000ns

    Location             Delay type                Incr(ns)  Path(ns)    Netlist Resource(s)
  -------------------------------------------------------------------    -------------------
                         (clock sys_clk_pin rise edge)
                                                      0.000     0.000 r  
    W5                                                0.000     0.000 r  clk (IN)
                         net (fo=0)                   0.000     0.000    clk
    W5                   IBUF (Prop_ibuf_I_O)         1.458     1.458 r  clk_IBUF_inst/O
                         net (fo=1, routed)           1.967     3.425    clk_IBUF
    BUFGCTRL_X0Y0        BUFG (Prop_bufg_I_O)         0.096     3.521 r  clk_IBUF_BUFG_inst/O
                         net (fo=522, routed)         1.626     5.147    clk_IBUF_BUFG
    SLICE_X58Y31         FDCE                                         r  game_state_reg[1]/C
  -------------------------------------------------------------------    -------------------
    SLICE_X58Y31         FDCE (Prop_fdce_C_Q)         0.419     5.566 f  game_state_reg[1]/Q
                         net (fo=33, routed)          1.318     6.884    u_stations/game_state[1]
    SLICE_X60Y43         LUT3 (Prop_lut3_I1_O)        0.299     7.183 f  u_stations/assembly_items[1][2]_i_2/O
                         net (fo=101, routed)         3.777    10.960    u_stations/AR[0]
    SLICE_X52Y34         FDCE                                         f  u_stations/cook_item_reg[2][3]/CLR
  -------------------------------------------------------------------    -------------------

                         (clock sys_clk_pin rise edge)
                                                     10.000    10.000 r  
    W5                                                0.000    10.000 r  clk (IN)
                         net (fo=0)                   0.000    10.000    clk
    W5                   IBUF (Prop_ibuf_I_O)         1.388    11.388 r  clk_IBUF_inst/O
                         net (fo=1, routed)           1.862    13.250    clk_IBUF
    BUFGCTRL_X0Y0        BUFG (Prop_bufg_I_O)         0.091    13.341 r  clk_IBUF_BUFG_inst/O
                         net (fo=522, routed)         1.446    14.787    u_stations/CLK
    SLICE_X52Y34         FDCE                                         r  u_stations/cook_item_reg[2][3]/C
                         clock pessimism              0.260    15.047    
                         clock uncertainty           -0.035    15.012    
    SLICE_X52Y34         FDCE (Recov_fdce_C_CLR)     -0.319    14.693    u_stations/cook_item_reg[2][3]
  -------------------------------------------------------------------
                         required time                         14.693    
                         arrival time                         -10.960    
  -------------------------------------------------------------------
                         slack                                  3.733    

Slack (MET) :             3.738ns  (required time - arrival time)
  Source:                 game_state_reg[1]/C
                            (rising edge-triggered cell FDCE clocked by sys_clk_pin  {rise@0.000ns fall@5.000ns period=10.000ns})
  Destination:            u_stations/cook_busy_reg[1]/CLR
                            (recovery check against rising-edge clock sys_clk_pin  {rise@0.000ns fall@5.000ns period=10.000ns})
  Path Group:             **async_default**
  Path Type:              Recovery (Max at Slow Process Corner)
  Requirement:            10.000ns  (sys_clk_pin rise@10.000ns - sys_clk_pin rise@0.000ns)
  Data Path Delay:        5.722ns  (logic 0.718ns (12.547%)  route 5.004ns (87.453%))
  Logic Levels:           1  (LUT3=1)
  Clock Path Skew:        -0.099ns (DCD - SCD + CPR)
    Destination Clock Delay (DCD):    4.788ns = ( 14.788 - 10.000 ) 
    Source Clock Delay      (SCD):    5.147ns
    Clock Pessimism Removal (CPR):    0.260ns
  Clock Uncertainty:      0.035ns  ((TSJ^2 + TIJ^2)^1/2 + DJ) / 2 + PE
    Total System Jitter     (TSJ):    0.071ns
    Total Input Jitter      (TIJ):    0.000ns
    Discrete Jitter          (DJ):    0.000ns
    Phase Error              (PE):    0.000ns

    Location             Delay type                Incr(ns)  Path(ns)    Netlist Resource(s)
  -------------------------------------------------------------------    -------------------
                         (clock sys_clk_pin rise edge)
                                                      0.000     0.000 r  
    W5                                                0.000     0.000 r  clk (IN)
                         net (fo=0)                   0.000     0.000    clk
    W5                   IBUF (Prop_ibuf_I_O)         1.458     1.458 r  clk_IBUF_inst/O
                         net (fo=1, routed)           1.967     3.425    clk_IBUF
    BUFGCTRL_X0Y0        BUFG (Prop_bufg_I_O)         0.096     3.521 r  clk_IBUF_BUFG_inst/O
                         net (fo=522, routed)         1.626     5.147    clk_IBUF_BUFG
    SLICE_X58Y31         FDCE                                         r  game_state_reg[1]/C
  -------------------------------------------------------------------    -------------------
    SLICE_X58Y31         FDCE (Prop_fdce_C_Q)         0.419     5.566 f  game_state_reg[1]/Q
                         net (fo=33, routed)          1.318     6.884    u_stations/game_state[1]
    SLICE_X60Y43         LUT3 (Prop_lut3_I1_O)        0.299     7.183 f  u_stations/assembly_items[1][2]_i_2/O
                         net (fo=101, routed)         3.687    10.870    u_stations/AR[0]
    SLICE_X57Y34         FDCE                                         f  u_stations/cook_busy_reg[1]/CLR
  -------------------------------------------------------------------    -------------------

                         (clock sys_clk_pin rise edge)
                                                     10.000    10.000 r  
    W5                                                0.000    10.000 r  clk (IN)
                         net (fo=0)                   0.000    10.000    clk
    W5                   IBUF (Prop_ibuf_I_O)         1.388    11.388 r  clk_IBUF_inst/O
                         net (fo=1, routed)           1.862    13.250    clk_IBUF
    BUFGCTRL_X0Y0        BUFG (Prop_bufg_I_O)         0.091    13.341 r  clk_IBUF_BUFG_inst/O
                         net (fo=522, routed)         1.447    14.788    u_stations/CLK
    SLICE_X57Y34         FDCE                                         r  u_stations/cook_busy_reg[1]/C
                         clock pessimism              0.260    15.048    
                         clock uncertainty           -0.035    15.013    
    SLICE_X57Y34         FDCE (Recov_fdce_C_CLR)     -0.405    14.608    u_stations/cook_busy_reg[1]
  -------------------------------------------------------------------
                         required time                         14.608    
                         arrival time                         -10.870    
  -------------------------------------------------------------------
                         slack                                  3.738    

Slack (MET) :             3.763ns  (required time - arrival time)
  Source:                 game_state_reg[1]/C
                            (rising edge-triggered cell FDCE clocked by sys_clk_pin  {rise@0.000ns fall@5.000ns period=10.000ns})
  Destination:            u_stations/p2_item_reg[4]/CLR
                            (recovery check against rising-edge clock sys_clk_pin  {rise@0.000ns fall@5.000ns period=10.000ns})
  Path Group:             **async_default**
  Path Type:              Recovery (Max at Slow Process Corner)
  Requirement:            10.000ns  (sys_clk_pin rise@10.000ns - sys_clk_pin rise@0.000ns)
  Data Path Delay:        5.698ns  (logic 0.718ns (12.601%)  route 4.980ns (87.399%))
  Logic Levels:           1  (LUT3=1)
  Clock Path Skew:        -0.099ns (DCD - SCD + CPR)
    Destination Clock Delay (DCD):    4.788ns = ( 14.788 - 10.000 ) 
    Source Clock Delay      (SCD):    5.147ns
    Clock Pessimism Removal (CPR):    0.260ns
  Clock Uncertainty:      0.035ns  ((TSJ^2 + TIJ^2)^1/2 + DJ) / 2 + PE
    Total System Jitter     (TSJ):    0.071ns
    Total Input Jitter      (TIJ):    0.000ns
    Discrete Jitter          (DJ):    0.000ns
    Phase Error              (PE):    0.000ns

    Location             Delay type                Incr(ns)  Path(ns)    Netlist Resource(s)
  -------------------------------------------------------------------    -------------------
                         (clock sys_clk_pin rise edge)
                                                      0.000     0.000 r  
    W5                                                0.000     0.000 r  clk (IN)
                         net (fo=0)                   0.000     0.000    clk
    W5                   IBUF (Prop_ibuf_I_O)         1.458     1.458 r  clk_IBUF_inst/O
                         net (fo=1, routed)           1.967     3.425    clk_IBUF
    BUFGCTRL_X0Y0        BUFG (Prop_bufg_I_O)         0.096     3.521 r  clk_IBUF_BUFG_inst/O
                         net (fo=522, routed)         1.626     5.147    clk_IBUF_BUFG
    SLICE_X58Y31         FDCE                                         r  game_state_reg[1]/C
  -------------------------------------------------------------------    -------------------
    SLICE_X58Y31         FDCE (Prop_fdce_C_Q)         0.419     5.566 f  game_state_reg[1]/Q
                         net (fo=33, routed)          1.318     6.884    u_stations/game_state[1]
    SLICE_X60Y43         LUT3 (Prop_lut3_I1_O)        0.299     7.183 f  u_stations/assembly_items[1][2]_i_2/O
                         net (fo=101, routed)         3.662    10.845    u_stations/AR[0]
    SLICE_X53Y36         FDCE                                         f  u_stations/p2_item_reg[4]/CLR
  -------------------------------------------------------------------    -------------------

                         (clock sys_clk_pin rise edge)
                                                     10.000    10.000 r  
    W5                                                0.000    10.000 r  clk (IN)
                         net (fo=0)                   0.000    10.000    clk
    W5                   IBUF (Prop_ibuf_I_O)         1.388    11.388 r  clk_IBUF_inst/O
                         net (fo=1, routed)           1.862    13.250    clk_IBUF
    BUFGCTRL_X0Y0        BUFG (Prop_bufg_I_O)         0.091    13.341 r  clk_IBUF_BUFG_inst/O
                         net (fo=522, routed)         1.447    14.788    u_stations/CLK
    SLICE_X53Y36         FDCE                                         r  u_stations/p2_item_reg[4]/C
                         clock pessimism              0.260    15.048    
                         clock uncertainty           -0.035    15.013    
    SLICE_X53Y36         FDCE (Recov_fdce_C_CLR)     -0.405    14.608    u_stations/p2_item_reg[4]
  -------------------------------------------------------------------
                         required time                         14.608    
                         arrival time                         -10.845    
  -------------------------------------------------------------------
                         slack                                  3.763    

Slack (MET) :             3.824ns  (required time - arrival time)
  Source:                 game_state_reg[1]/C
                            (rising edge-triggered cell FDCE clocked by sys_clk_pin  {rise@0.000ns fall@5.000ns period=10.000ns})
  Destination:            u_stations/cook_burn_timer_reg[1][1]/CLR
                            (recovery check against rising-edge clock sys_clk_pin  {rise@0.000ns fall@5.000ns period=10.000ns})
  Path Group:             **async_default**
  Path Type:              Recovery (Max at Slow Process Corner)
  Requirement:            10.000ns  (sys_clk_pin rise@10.000ns - sys_clk_pin rise@0.000ns)
  Data Path Delay:        5.722ns  (logic 0.718ns (12.547%)  route 5.004ns (87.453%))
  Logic Levels:           1  (LUT3=1)
  Clock Path Skew:        -0.099ns (DCD - SCD + CPR)
    Destination Clock Delay (DCD):    4.788ns = ( 14.788 - 10.000 ) 
    Source Clock Delay      (SCD):    5.147ns
    Clock Pessimism Removal (CPR):    0.260ns
  Clock Uncertainty:      0.035ns  ((TSJ^2 + TIJ^2)^1/2 + DJ) / 2 + PE
    Total System Jitter     (TSJ):    0.071ns
    Total Input Jitter      (TIJ):    0.000ns
    Discrete Jitter          (DJ):    0.000ns
    Phase Error              (PE):    0.000ns

    Location             Delay type                Incr(ns)  Path(ns)    Netlist Resource(s)
  -------------------------------------------------------------------    -------------------
                         (clock sys_clk_pin rise edge)
                                                      0.000     0.000 r  
    W5                                                0.000     0.000 r  clk (IN)
                         net (fo=0)                   0.000     0.000    clk
    W5                   IBUF (Prop_ibuf_I_O)         1.458     1.458 r  clk_IBUF_inst/O
                         net (fo=1, routed)           1.967     3.425    clk_IBUF
    BUFGCTRL_X0Y0        BUFG (Prop_bufg_I_O)         0.096     3.521 r  clk_IBUF_BUFG_inst/O
                         net (fo=522, routed)         1.626     5.147    clk_IBUF_BUFG
    SLICE_X58Y31         FDCE                                         r  game_state_reg[1]/C
  -------------------------------------------------------------------    -------------------
    SLICE_X58Y31         FDCE (Prop_fdce_C_Q)         0.419     5.566 f  game_state_reg[1]/Q
                         net (fo=33, routed)          1.318     6.884    u_stations/game_state[1]
    SLICE_X60Y43         LUT3 (Prop_lut3_I1_O)        0.299     7.183 f  u_stations/assembly_items[1][2]_i_2/O
                         net (fo=101, routed)         3.687    10.870    u_stations/AR[0]
    SLICE_X56Y34         FDCE                                         f  u_stations/cook_burn_timer_reg[1][1]/CLR
  -------------------------------------------------------------------    -------------------

                         (clock sys_clk_pin rise edge)
                                                     10.000    10.000 r  
    W5                                                0.000    10.000 r  clk (IN)
                         net (fo=0)                   0.000    10.000    clk
    W5                   IBUF (Prop_ibuf_I_O)         1.388    11.388 r  clk_IBUF_inst/O
                         net (fo=1, routed)           1.862    13.250    clk_IBUF
    BUFGCTRL_X0Y0        BUFG (Prop_bufg_I_O)         0.091    13.341 r  clk_IBUF_BUFG_inst/O
                         net (fo=522, routed)         1.447    14.788    u_stations/CLK
    SLICE_X56Y34         FDCE                                         r  u_stations/cook_burn_timer_reg[1][1]/C
                         clock pessimism              0.260    15.048    
                         clock uncertainty           -0.035    15.013    
    SLICE_X56Y34         FDCE (Recov_fdce_C_CLR)     -0.319    14.694    u_stations/cook_burn_timer_reg[1][1]
  -------------------------------------------------------------------
                         required time                         14.694    
                         arrival time                         -10.870    
  -------------------------------------------------------------------
                         slack                                  3.824    





Min Delay Paths
--------------------------------------------------------------------------------------
Slack (MET) :             0.966ns  (arrival time - required time)
  Source:                 game_state_reg[1]/C
                            (rising edge-triggered cell FDCE clocked by sys_clk_pin  {rise@0.000ns fall@5.000ns period=10.000ns})
  Destination:            u_stations/assembly_items_reg[8][3]/CLR
                            (removal check against rising-edge clock sys_clk_pin  {rise@0.000ns fall@5.000ns period=10.000ns})
  Path Group:             **async_default**
  Path Type:              Removal (Min at Fast Process Corner)
  Requirement:            0.000ns  (sys_clk_pin rise@0.000ns - sys_clk_pin rise@0.000ns)
  Data Path Delay:        0.922ns  (logic 0.227ns (24.612%)  route 0.695ns (75.388%))
  Logic Levels:           1  (LUT3=1)
  Clock Path Skew:        0.023ns (DCD - SCD - CPR)
    Destination Clock Delay (DCD):    1.991ns
    Source Clock Delay      (SCD):    1.470ns
    Clock Pessimism Removal (CPR):    0.498ns

    Location             Delay type                Incr(ns)  Path(ns)    Netlist Resource(s)
  -------------------------------------------------------------------    -------------------
                         (clock sys_clk_pin rise edge)
                                                      0.000     0.000 r  
    W5                                                0.000     0.000 r  clk (IN)
                         net (fo=0)                   0.000     0.000    clk
    W5                   IBUF (Prop_ibuf_I_O)         0.226     0.226 r  clk_IBUF_inst/O
                         net (fo=1, routed)           0.631     0.858    clk_IBUF
    BUFGCTRL_X0Y0        BUFG (Prop_bufg_I_O)         0.026     0.884 r  clk_IBUF_BUFG_inst/O
                         net (fo=522, routed)         0.587     1.470    clk_IBUF_BUFG
    SLICE_X58Y31         FDCE                                         r  game_state_reg[1]/C
  -------------------------------------------------------------------    -------------------
    SLICE_X58Y31         FDCE (Prop_fdce_C_Q)         0.128     1.598 f  game_state_reg[1]/Q
                         net (fo=33, routed)          0.499     2.097    u_stations/game_state[1]
    SLICE_X60Y43         LUT3 (Prop_lut3_I1_O)        0.099     2.196 f  u_stations/assembly_items[1][2]_i_2/O
                         net (fo=101, routed)         0.197     2.392    u_stations/AR[0]
    SLICE_X60Y44         FDCE                                         f  u_stations/assembly_items_reg[8][3]/CLR
  -------------------------------------------------------------------    -------------------

                         (clock sys_clk_pin rise edge)
                                                      0.000     0.000 r  
    W5                                                0.000     0.000 r  clk (IN)
                         net (fo=0)                   0.000     0.000    clk
    W5                   IBUF (Prop_ibuf_I_O)         0.414     0.414 r  clk_IBUF_inst/O
                         net (fo=1, routed)           0.685     1.099    clk_IBUF
    BUFGCTRL_X0Y0        BUFG (Prop_bufg_I_O)         0.029     1.128 r  clk_IBUF_BUFG_inst/O
                         net (fo=522, routed)         0.864     1.991    u_stations/CLK
    SLICE_X60Y44         FDCE                                         r  u_stations/assembly_items_reg[8][3]/C
                         clock pessimism             -0.498     1.493    
    SLICE_X60Y44         FDCE (Remov_fdce_C_CLR)     -0.067     1.426    u_stations/assembly_items_reg[8][3]
  -------------------------------------------------------------------
                         required time                         -1.426    
                         arrival time                           2.392    
  -------------------------------------------------------------------
                         slack                                  0.966    

Slack (MET) :             0.991ns  (arrival time - required time)
  Source:                 game_state_reg[1]/C
                            (rising edge-triggered cell FDCE clocked by sys_clk_pin  {rise@0.000ns fall@5.000ns period=10.000ns})
  Destination:            u_stations/assembly_items_reg[7][3]/CLR
                            (removal check against rising-edge clock sys_clk_pin  {rise@0.000ns fall@5.000ns period=10.000ns})
  Path Group:             **async_default**
  Path Type:              Removal (Min at Fast Process Corner)
  Requirement:            0.000ns  (sys_clk_pin rise@0.000ns - sys_clk_pin rise@0.000ns)
  Data Path Delay:        0.922ns  (logic 0.227ns (24.612%)  route 0.695ns (75.388%))
  Logic Levels:           1  (LUT3=1)
  Clock Path Skew:        0.023ns (DCD - SCD - CPR)
    Destination Clock Delay (DCD):    1.991ns
    Source Clock Delay      (SCD):    1.470ns
    Clock Pessimism Removal (CPR):    0.498ns

    Location             Delay type                Incr(ns)  Path(ns)    Netlist Resource(s)
  -------------------------------------------------------------------    -------------------
                         (clock sys_clk_pin rise edge)
                                                      0.000     0.000 r  
    W5                                                0.000     0.000 r  clk (IN)
                         net (fo=0)                   0.000     0.000    clk
    W5                   IBUF (Prop_ibuf_I_O)         0.226     0.226 r  clk_IBUF_inst/O
                         net (fo=1, routed)           0.631     0.858    clk_IBUF
    BUFGCTRL_X0Y0        BUFG (Prop_bufg_I_O)         0.026     0.884 r  clk_IBUF_BUFG_inst/O
                         net (fo=522, routed)         0.587     1.470    clk_IBUF_BUFG
    SLICE_X58Y31         FDCE                                         r  game_state_reg[1]/C
  -------------------------------------------------------------------    -------------------
    SLICE_X58Y31         FDCE (Prop_fdce_C_Q)         0.128     1.598 f  game_state_reg[1]/Q
                         net (fo=33, routed)          0.499     2.097    u_stations/game_state[1]
    SLICE_X60Y43         LUT3 (Prop_lut3_I1_O)        0.099     2.196 f  u_stations/assembly_items[1][2]_i_2/O
                         net (fo=101, routed)         0.197     2.392    u_stations/AR[0]
    SLICE_X61Y44         FDCE                                         f  u_stations/assembly_items_reg[7][3]/CLR
  -------------------------------------------------------------------    -------------------

                         (clock sys_clk_pin rise edge)
                                                      0.000     0.000 r  
    W5                                                0.000     0.000 r  clk (IN)
                         net (fo=0)                   0.000     0.000    clk
    W5                   IBUF (Prop_ibuf_I_O)         0.414     0.414 r  clk_IBUF_inst/O
                         net (fo=1, routed)           0.685     1.099    clk_IBUF
    BUFGCTRL_X0Y0        BUFG (Prop_bufg_I_O)         0.029     1.128 r  clk_IBUF_BUFG_inst/O
                         net (fo=522, routed)         0.864     1.991    u_stations/CLK
    SLICE_X61Y44         FDCE                                         r  u_stations/assembly_items_reg[7][3]/C
                         clock pessimism             -0.498     1.493    
    SLICE_X61Y44         FDCE (Remov_fdce_C_CLR)     -0.092     1.401    u_stations/assembly_items_reg[7][3]
  -------------------------------------------------------------------
                         required time                         -1.401    
                         arrival time                           2.392    
  -------------------------------------------------------------------
                         slack                                  0.991    

Slack (MET) :             0.991ns  (arrival time - required time)
  Source:                 game_state_reg[1]/C
                            (rising edge-triggered cell FDCE clocked by sys_clk_pin  {rise@0.000ns fall@5.000ns period=10.000ns})
  Destination:            u_stations/assembly_items_reg[7][4]/CLR
                            (removal check against rising-edge clock sys_clk_pin  {rise@0.000ns fall@5.000ns period=10.000ns})
  Path Group:             **async_default**
  Path Type:              Removal (Min at Fast Process Corner)
  Requirement:            0.000ns  (sys_clk_pin rise@0.000ns - sys_clk_pin rise@0.000ns)
  Data Path Delay:        0.922ns  (logic 0.227ns (24.612%)  route 0.695ns (75.388%))
  Logic Levels:           1  (LUT3=1)
  Clock Path Skew:        0.023ns (DCD - SCD - CPR)
    Destination Clock Delay (DCD):    1.991ns
    Source Clock Delay      (SCD):    1.470ns
    Clock Pessimism Removal (CPR):    0.498ns

    Location             Delay type                Incr(ns)  Path(ns)    Netlist Resource(s)
  -------------------------------------------------------------------    -------------------
                         (clock sys_clk_pin rise edge)
                                                      0.000     0.000 r  
    W5                                                0.000     0.000 r  clk (IN)
                         net (fo=0)                   0.000     0.000    clk
    W5                   IBUF (Prop_ibuf_I_O)         0.226     0.226 r  clk_IBUF_inst/O
                         net (fo=1, routed)           0.631     0.858    clk_IBUF
    BUFGCTRL_X0Y0        BUFG (Prop_bufg_I_O)         0.026     0.884 r  clk_IBUF_BUFG_inst/O
                         net (fo=522, routed)         0.587     1.470    clk_IBUF_BUFG
    SLICE_X58Y31         FDCE                                         r  game_state_reg[1]/C
  -------------------------------------------------------------------    -------------------
    SLICE_X58Y31         FDCE (Prop_fdce_C_Q)         0.128     1.598 f  game_state_reg[1]/Q
                         net (fo=33, routed)          0.499     2.097    u_stations/game_state[1]
    SLICE_X60Y43         LUT3 (Prop_lut3_I1_O)        0.099     2.196 f  u_stations/assembly_items[1][2]_i_2/O
                         net (fo=101, routed)         0.197     2.392    u_stations/AR[0]
    SLICE_X61Y44         FDCE                                         f  u_stations/assembly_items_reg[7][4]/CLR
  -------------------------------------------------------------------    -------------------

                         (clock sys_clk_pin rise edge)
                                                      0.000     0.000 r  
    W5                                                0.000     0.000 r  clk (IN)
                         net (fo=0)                   0.000     0.000    clk
    W5                   IBUF (Prop_ibuf_I_O)         0.414     0.414 r  clk_IBUF_inst/O
                         net (fo=1, routed)           0.685     1.099    clk_IBUF
    BUFGCTRL_X0Y0        BUFG (Prop_bufg_I_O)         0.029     1.128 r  clk_IBUF_BUFG_inst/O
                         net (fo=522, routed)         0.864     1.991    u_stations/CLK
    SLICE_X61Y44         FDCE                                         r  u_stations/assembly_items_reg[7][4]/C
                         clock pessimism             -0.498     1.493    
    SLICE_X61Y44         FDCE (Remov_fdce_C_CLR)     -0.092     1.401    u_stations/assembly_items_reg[7][4]
  -------------------------------------------------------------------
                         required time                         -1.401    
                         arrival time                           2.392    
  -------------------------------------------------------------------
                         slack                                  0.991    

Slack (MET) :             0.998ns  (arrival time - required time)
  Source:                 game_state_reg[1]/C
                            (rising edge-triggered cell FDCE clocked by sys_clk_pin  {rise@0.000ns fall@5.000ns period=10.000ns})
  Destination:            u_stations/assembly_items_reg[8][1]/CLR
                            (removal check against rising-edge clock sys_clk_pin  {rise@0.000ns fall@5.000ns period=10.000ns})
  Path Group:             **async_default**
  Path Type:              Removal (Min at Fast Process Corner)
  Requirement:            0.000ns  (sys_clk_pin rise@0.000ns - sys_clk_pin rise@0.000ns)
  Data Path Delay:        0.954ns  (logic 0.227ns (23.798%)  route 0.727ns (76.202%))
  Logic Levels:           1  (LUT3=1)
  Clock Path Skew:        0.023ns (DCD - SCD - CPR)
    Destination Clock Delay (DCD):    1.991ns
    Source Clock Delay      (SCD):    1.470ns
    Clock Pessimism Removal (CPR):    0.498ns

    Location             Delay type                Incr(ns)  Path(ns)    Netlist Resource(s)
  -------------------------------------------------------------------    -------------------
                         (clock sys_clk_pin rise edge)
                                                      0.000     0.000 r  
    W5                                                0.000     0.000 r  clk (IN)
                         net (fo=0)                   0.000     0.000    clk
    W5                   IBUF (Prop_ibuf_I_O)         0.226     0.226 r  clk_IBUF_inst/O
                         net (fo=1, routed)           0.631     0.858    clk_IBUF
    BUFGCTRL_X0Y0        BUFG (Prop_bufg_I_O)         0.026     0.884 r  clk_IBUF_BUFG_inst/O
                         net (fo=522, routed)         0.587     1.470    clk_IBUF_BUFG
    SLICE_X58Y31         FDCE                                         r  game_state_reg[1]/C
  -------------------------------------------------------------------    -------------------
    SLICE_X58Y31         FDCE (Prop_fdce_C_Q)         0.128     1.598 f  game_state_reg[1]/Q
                         net (fo=33, routed)          0.499     2.097    u_stations/game_state[1]
    SLICE_X60Y43         LUT3 (Prop_lut3_I1_O)        0.099     2.196 f  u_stations/assembly_items[1][2]_i_2/O
                         net (fo=101, routed)         0.228     2.424    u_stations/AR[0]
    SLICE_X60Y45         FDCE                                         f  u_stations/assembly_items_reg[8][1]/CLR
  -------------------------------------------------------------------    -------------------

                         (clock sys_clk_pin rise edge)
                                                      0.000     0.000 r  
    W5                                                0.000     0.000 r  clk (IN)
                         net (fo=0)                   0.000     0.000    clk
    W5                   IBUF (Prop_ibuf_I_O)         0.414     0.414 r  clk_IBUF_inst/O
                         net (fo=1, routed)           0.685     1.099    clk_IBUF
    BUFGCTRL_X0Y0        BUFG (Prop_bufg_I_O)         0.029     1.128 r  clk_IBUF_BUFG_inst/O
                         net (fo=522, routed)         0.864     1.991    u_stations/CLK
    SLICE_X60Y45         FDCE                                         r  u_stations/assembly_items_reg[8][1]/C
                         clock pessimism             -0.498     1.493    
    SLICE_X60Y45         FDCE (Remov_fdce_C_CLR)     -0.067     1.426    u_stations/assembly_items_reg[8][1]
  -------------------------------------------------------------------
                         required time                         -1.426    
                         arrival time                           2.424    
  -------------------------------------------------------------------
                         slack                                  0.998    

Slack (MET) :             0.998ns  (arrival time - required time)
  Source:                 game_state_reg[1]/C
                            (rising edge-triggered cell FDCE clocked by sys_clk_pin  {rise@0.000ns fall@5.000ns period=10.000ns})
  Destination:            u_stations/assembly_items_reg[8][2]/CLR
                            (removal check against rising-edge clock sys_clk_pin  {rise@0.000ns fall@5.000ns period=10.000ns})
  Path Group:             **async_default**
  Path Type:              Removal (Min at Fast Process Corner)
  Requirement:            0.000ns  (sys_clk_pin rise@0.000ns - sys_clk_pin rise@0.000ns)
  Data Path Delay:        0.954ns  (logic 0.227ns (23.798%)  route 0.727ns (76.202%))
  Logic Levels:           1  (LUT3=1)
  Clock Path Skew:        0.023ns (DCD - SCD - CPR)
    Destination Clock Delay (DCD):    1.991ns
    Source Clock Delay      (SCD):    1.470ns
    Clock Pessimism Removal (CPR):    0.498ns

    Location             Delay type                Incr(ns)  Path(ns)    Netlist Resource(s)
  -------------------------------------------------------------------    -------------------
                         (clock sys_clk_pin rise edge)
                                                      0.000     0.000 r  
    W5                                                0.000     0.000 r  clk (IN)
                         net (fo=0)                   0.000     0.000    clk
    W5                   IBUF (Prop_ibuf_I_O)         0.226     0.226 r  clk_IBUF_inst/O
                         net (fo=1, routed)           0.631     0.858    clk_IBUF
    BUFGCTRL_X0Y0        BUFG (Prop_bufg_I_O)         0.026     0.884 r  clk_IBUF_BUFG_inst/O
                         net (fo=522, routed)         0.587     1.470    clk_IBUF_BUFG
    SLICE_X58Y31         FDCE                                         r  game_state_reg[1]/C
  -------------------------------------------------------------------    -------------------
    SLICE_X58Y31         FDCE (Prop_fdce_C_Q)         0.128     1.598 f  game_state_reg[1]/Q
                         net (fo=33, routed)          0.499     2.097    u_stations/game_state[1]
    SLICE_X60Y43         LUT3 (Prop_lut3_I1_O)        0.099     2.196 f  u_stations/assembly_items[1][2]_i_2/O
                         net (fo=101, routed)         0.228     2.424    u_stations/AR[0]
    SLICE_X60Y45         FDCE                                         f  u_stations/assembly_items_reg[8][2]/CLR
  -------------------------------------------------------------------    -------------------

                         (clock sys_clk_pin rise edge)
                                                      0.000     0.000 r  
    W5                                                0.000     0.000 r  clk (IN)
                         net (fo=0)                   0.000     0.000    clk
    W5                   IBUF (Prop_ibuf_I_O)         0.414     0.414 r  clk_IBUF_inst/O
                         net (fo=1, routed)           0.685     1.099    clk_IBUF
    BUFGCTRL_X0Y0        BUFG (Prop_bufg_I_O)         0.029     1.128 r  clk_IBUF_BUFG_inst/O
                         net (fo=522, routed)         0.864     1.991    u_stations/CLK
    SLICE_X60Y45         FDCE                                         r  u_stations/assembly_items_reg[8][2]/C
                         clock pessimism             -0.498     1.493    
    SLICE_X60Y45         FDCE (Remov_fdce_C_CLR)     -0.067     1.426    u_stations/assembly_items_reg[8][2]
  -------------------------------------------------------------------
                         required time                         -1.426    
                         arrival time                           2.424    
  -------------------------------------------------------------------
                         slack                                  0.998    

Slack (MET) :             0.998ns  (arrival time - required time)
  Source:                 game_state_reg[1]/C
                            (rising edge-triggered cell FDCE clocked by sys_clk_pin  {rise@0.000ns fall@5.000ns period=10.000ns})
  Destination:            u_stations/assembly_items_reg[8][4]/CLR
                            (removal check against rising-edge clock sys_clk_pin  {rise@0.000ns fall@5.000ns period=10.000ns})
  Path Group:             **async_default**
  Path Type:              Removal (Min at Fast Process Corner)
  Requirement:            0.000ns  (sys_clk_pin rise@0.000ns - sys_clk_pin rise@0.000ns)
  Data Path Delay:        0.954ns  (logic 0.227ns (23.798%)  route 0.727ns (76.202%))
  Logic Levels:           1  (LUT3=1)
  Clock Path Skew:        0.023ns (DCD - SCD - CPR)
    Destination Clock Delay (DCD):    1.991ns
    Source Clock Delay      (SCD):    1.470ns
    Clock Pessimism Removal (CPR):    0.498ns

    Location             Delay type                Incr(ns)  Path(ns)    Netlist Resource(s)
  -------------------------------------------------------------------    -------------------
                         (clock sys_clk_pin rise edge)
                                                      0.000     0.000 r  
    W5                                                0.000     0.000 r  clk (IN)
                         net (fo=0)                   0.000     0.000    clk
    W5                   IBUF (Prop_ibuf_I_O)         0.226     0.226 r  clk_IBUF_inst/O
                         net (fo=1, routed)           0.631     0.858    clk_IBUF
    BUFGCTRL_X0Y0        BUFG (Prop_bufg_I_O)         0.026     0.884 r  clk_IBUF_BUFG_inst/O
                         net (fo=522, routed)         0.587     1.470    clk_IBUF_BUFG
    SLICE_X58Y31         FDCE                                         r  game_state_reg[1]/C
  -------------------------------------------------------------------    -------------------
    SLICE_X58Y31         FDCE (Prop_fdce_C_Q)         0.128     1.598 f  game_state_reg[1]/Q
                         net (fo=33, routed)          0.499     2.097    u_stations/game_state[1]
    SLICE_X60Y43         LUT3 (Prop_lut3_I1_O)        0.099     2.196 f  u_stations/assembly_items[1][2]_i_2/O
                         net (fo=101, routed)         0.228     2.424    u_stations/AR[0]
    SLICE_X60Y45         FDCE                                         f  u_stations/assembly_items_reg[8][4]/CLR
  -------------------------------------------------------------------    -------------------

                         (clock sys_clk_pin rise edge)
                                                      0.000     0.000 r  
    W5                                                0.000     0.000 r  clk (IN)
                         net (fo=0)                   0.000     0.000    clk
    W5                   IBUF (Prop_ibuf_I_O)         0.414     0.414 r  clk_IBUF_inst/O
                         net (fo=1, routed)           0.685     1.099    clk_IBUF
    BUFGCTRL_X0Y0        BUFG (Prop_bufg_I_O)         0.029     1.128 r  clk_IBUF_BUFG_inst/O
                         net (fo=522, routed)         0.864     1.991    u_stations/CLK
    SLICE_X60Y45         FDCE                                         r  u_stations/assembly_items_reg[8][4]/C
                         clock pessimism             -0.498     1.493    
    SLICE_X60Y45         FDCE (Remov_fdce_C_CLR)     -0.067     1.426    u_stations/assembly_items_reg[8][4]
  -------------------------------------------------------------------
                         required time                         -1.426    
                         arrival time                           2.424    
  -------------------------------------------------------------------
                         slack                                  0.998    

Slack (MET) :             1.023ns  (arrival time - required time)
  Source:                 game_state_reg[1]/C
                            (rising edge-triggered cell FDCE clocked by sys_clk_pin  {rise@0.000ns fall@5.000ns period=10.000ns})
  Destination:            u_stations/assembly_items_reg[7][1]/CLR
                            (removal check against rising-edge clock sys_clk_pin  {rise@0.000ns fall@5.000ns period=10.000ns})
  Path Group:             **async_default**
  Path Type:              Removal (Min at Fast Process Corner)
  Requirement:            0.000ns  (sys_clk_pin rise@0.000ns - sys_clk_pin rise@0.000ns)
  Data Path Delay:        0.954ns  (logic 0.227ns (23.798%)  route 0.727ns (76.202%))
  Logic Levels:           1  (LUT3=1)
  Clock Path Skew:        0.023ns (DCD - SCD - CPR)
    Destination Clock Delay (DCD):    1.991ns
    Source Clock Delay      (SCD):    1.470ns
    Clock Pessimism Removal (CPR):    0.498ns

    Location             Delay type                Incr(ns)  Path(ns)    Netlist Resource(s)
  -------------------------------------------------------------------    -------------------
                         (clock sys_clk_pin rise edge)
                                                      0.000     0.000 r  
    W5                                                0.000     0.000 r  clk (IN)
                         net (fo=0)                   0.000     0.000    clk
    W5                   IBUF (Prop_ibuf_I_O)         0.226     0.226 r  clk_IBUF_inst/O
                         net (fo=1, routed)           0.631     0.858    clk_IBUF
    BUFGCTRL_X0Y0        BUFG (Prop_bufg_I_O)         0.026     0.884 r  clk_IBUF_BUFG_inst/O
                         net (fo=522, routed)         0.587     1.470    clk_IBUF_BUFG
    SLICE_X58Y31         FDCE                                         r  game_state_reg[1]/C
  -------------------------------------------------------------------    -------------------
    SLICE_X58Y31         FDCE (Prop_fdce_C_Q)         0.128     1.598 f  game_state_reg[1]/Q
                         net (fo=33, routed)          0.499     2.097    u_stations/game_state[1]
    SLICE_X60Y43         LUT3 (Prop_lut3_I1_O)        0.099     2.196 f  u_stations/assembly_items[1][2]_i_2/O
                         net (fo=101, routed)         0.228     2.424    u_stations/AR[0]
    SLICE_X61Y45         FDCE                                         f  u_stations/assembly_items_reg[7][1]/CLR
  -------------------------------------------------------------------    -------------------

                         (clock sys_clk_pin rise edge)
                                                      0.000     0.000 r  
    W5                                                0.000     0.000 r  clk (IN)
                         net (fo=0)                   0.000     0.000    clk
    W5                   IBUF (Prop_ibuf_I_O)         0.414     0.414 r  clk_IBUF_inst/O
                         net (fo=1, routed)           0.685     1.099    clk_IBUF
    BUFGCTRL_X0Y0        BUFG (Prop_bufg_I_O)         0.029     1.128 r  clk_IBUF_BUFG_inst/O
                         net (fo=522, routed)         0.864     1.991    u_stations/CLK
    SLICE_X61Y45         FDCE                                         r  u_stations/assembly_items_reg[7][1]/C
                         clock pessimism             -0.498     1.493    
    SLICE_X61Y45         FDCE (Remov_fdce_C_CLR)     -0.092     1.401    u_stations/assembly_items_reg[7][1]
  -------------------------------------------------------------------
                         required time                         -1.401    
                         arrival time                           2.424    
  -------------------------------------------------------------------
                         slack                                  1.023    

Slack (MET) :             1.070ns  (arrival time - required time)
  Source:                 game_state_reg[1]/C
                            (rising edge-triggered cell FDCE clocked by sys_clk_pin  {rise@0.000ns fall@5.000ns period=10.000ns})
  Destination:            u_stations/assembly_items_reg[3][0]/CLR
                            (removal check against rising-edge clock sys_clk_pin  {rise@0.000ns fall@5.000ns period=10.000ns})
  Path Group:             **async_default**
  Path Type:              Removal (Min at Fast Process Corner)
  Requirement:            0.000ns  (sys_clk_pin rise@0.000ns - sys_clk_pin rise@0.000ns)
  Data Path Delay:        1.254ns  (logic 0.227ns (18.106%)  route 1.027ns (81.894%))
  Logic Levels:           1  (LUT3=1)
  Clock Path Skew:        0.276ns (DCD - SCD - CPR)
    Destination Clock Delay (DCD):    1.990ns
    Source Clock Delay      (SCD):    1.470ns
    Clock Pessimism Removal (CPR):    0.244ns

    Location             Delay type                Incr(ns)  Path(ns)    Netlist Resource(s)
  -------------------------------------------------------------------    -------------------
                         (clock sys_clk_pin rise edge)
                                                      0.000     0.000 r  
    W5                                                0.000     0.000 r  clk (IN)
                         net (fo=0)                   0.000     0.000    clk
    W5                   IBUF (Prop_ibuf_I_O)         0.226     0.226 r  clk_IBUF_inst/O
                         net (fo=1, routed)           0.631     0.858    clk_IBUF
    BUFGCTRL_X0Y0        BUFG (Prop_bufg_I_O)         0.026     0.884 r  clk_IBUF_BUFG_inst/O
                         net (fo=522, routed)         0.587     1.470    clk_IBUF_BUFG
    SLICE_X58Y31         FDCE                                         r  game_state_reg[1]/C
  -------------------------------------------------------------------    -------------------
    SLICE_X58Y31         FDCE (Prop_fdce_C_Q)         0.128     1.598 f  game_state_reg[1]/Q
                         net (fo=33, routed)          0.499     2.097    u_stations/game_state[1]
    SLICE_X60Y43         LUT3 (Prop_lut3_I1_O)        0.099     2.196 f  u_stations/assembly_items[1][2]_i_2/O
                         net (fo=101, routed)         0.528     2.724    u_stations/AR[0]
    SLICE_X61Y51         FDCE                                         f  u_stations/assembly_items_reg[3][0]/CLR
  -------------------------------------------------------------------    -------------------

                         (clock sys_clk_pin rise edge)
                                                      0.000     0.000 r  
    W5                                                0.000     0.000 r  clk (IN)
                         net (fo=0)                   0.000     0.000    clk
    W5                   IBUF (Prop_ibuf_I_O)         0.414     0.414 r  clk_IBUF_inst/O
                         net (fo=1, routed)           0.685     1.099    clk_IBUF
    BUFGCTRL_X0Y0        BUFG (Prop_bufg_I_O)         0.029     1.128 r  clk_IBUF_BUFG_inst/O
                         net (fo=522, routed)         0.863     1.990    u_stations/CLK
    SLICE_X61Y51         FDCE                                         r  u_stations/assembly_items_reg[3][0]/C
                         clock pessimism             -0.244     1.746    
    SLICE_X61Y51         FDCE (Remov_fdce_C_CLR)     -0.092     1.654    u_stations/assembly_items_reg[3][0]
  -------------------------------------------------------------------
                         required time                         -1.654    
                         arrival time                           2.724    
  -------------------------------------------------------------------
                         slack                                  1.070    

Slack (MET) :             1.070ns  (arrival time - required time)
  Source:                 game_state_reg[1]/C
                            (rising edge-triggered cell FDCE clocked by sys_clk_pin  {rise@0.000ns fall@5.000ns period=10.000ns})
  Destination:            u_stations/assembly_items_reg[3][3]/CLR
                            (removal check against rising-edge clock sys_clk_pin  {rise@0.000ns fall@5.000ns period=10.000ns})
  Path Group:             **async_default**
  Path Type:              Removal (Min at Fast Process Corner)
  Requirement:            0.000ns  (sys_clk_pin rise@0.000ns - sys_clk_pin rise@0.000ns)
  Data Path Delay:        1.254ns  (logic 0.227ns (18.106%)  route 1.027ns (81.894%))
  Logic Levels:           1  (LUT3=1)
  Clock Path Skew:        0.276ns (DCD - SCD - CPR)
    Destination Clock Delay (DCD):    1.990ns
    Source Clock Delay      (SCD):    1.470ns
    Clock Pessimism Removal (CPR):    0.244ns

    Location             Delay type                Incr(ns)  Path(ns)    Netlist Resource(s)
  -------------------------------------------------------------------    -------------------
                         (clock sys_clk_pin rise edge)
                                                      0.000     0.000 r  
    W5                                                0.000     0.000 r  clk (IN)
                         net (fo=0)                   0.000     0.000    clk
    W5                   IBUF (Prop_ibuf_I_O)         0.226     0.226 r  clk_IBUF_inst/O
                         net (fo=1, routed)           0.631     0.858    clk_IBUF
    BUFGCTRL_X0Y0        BUFG (Prop_bufg_I_O)         0.026     0.884 r  clk_IBUF_BUFG_inst/O
                         net (fo=522, routed)         0.587     1.470    clk_IBUF_BUFG
    SLICE_X58Y31         FDCE                                         r  game_state_reg[1]/C
  -------------------------------------------------------------------    -------------------
    SLICE_X58Y31         FDCE (Prop_fdce_C_Q)         0.128     1.598 f  game_state_reg[1]/Q
                         net (fo=33, routed)          0.499     2.097    u_stations/game_state[1]
    SLICE_X60Y43         LUT3 (Prop_lut3_I1_O)        0.099     2.196 f  u_stations/assembly_items[1][2]_i_2/O
                         net (fo=101, routed)         0.528     2.724    u_stations/AR[0]
    SLICE_X61Y51         FDCE                                         f  u_stations/assembly_items_reg[3][3]/CLR
  -------------------------------------------------------------------    -------------------

                         (clock sys_clk_pin rise edge)
                                                      0.000     0.000 r  
    W5                                                0.000     0.000 r  clk (IN)
                         net (fo=0)                   0.000     0.000    clk
    W5                   IBUF (Prop_ibuf_I_O)         0.414     0.414 r  clk_IBUF_inst/O
                         net (fo=1, routed)           0.685     1.099    clk_IBUF
    BUFGCTRL_X0Y0        BUFG (Prop_bufg_I_O)         0.029     1.128 r  clk_IBUF_BUFG_inst/O
                         net (fo=522, routed)         0.863     1.990    u_stations/CLK
    SLICE_X61Y51         FDCE                                         r  u_stations/assembly_items_reg[3][3]/C
                         clock pessimism             -0.244     1.746    
    SLICE_X61Y51         FDCE (Remov_fdce_C_CLR)     -0.092     1.654    u_stations/assembly_items_reg[3][3]
  -------------------------------------------------------------------
                         required time                         -1.654    
                         arrival time                           2.724    
  -------------------------------------------------------------------
                         slack                                  1.070    

Slack (MET) :             1.101ns  (arrival time - required time)
  Source:                 game_state_reg[1]/C
                            (rising edge-triggered cell FDCE clocked by sys_clk_pin  {rise@0.000ns fall@5.000ns period=10.000ns})
  Destination:            u_stations/assembly_items_reg[8][0]/CLR
                            (removal check against rising-edge clock sys_clk_pin  {rise@0.000ns fall@5.000ns period=10.000ns})
  Path Group:             **async_default**
  Path Type:              Removal (Min at Fast Process Corner)
  Requirement:            0.000ns  (sys_clk_pin rise@0.000ns - sys_clk_pin rise@0.000ns)
  Data Path Delay:        1.057ns  (logic 0.227ns (21.482%)  route 0.830ns (78.518%))
  Logic Levels:           1  (LUT3=1)
  Clock Path Skew:        0.023ns (DCD - SCD - CPR)
    Destination Clock Delay (DCD):    1.991ns
    Source Clock Delay      (SCD):    1.470ns
    Clock Pessimism Removal (CPR):    0.498ns

    Location             Delay type                Incr(ns)  Path(ns)    Netlist Resource(s)
  -------------------------------------------------------------------    -------------------
                         (clock sys_clk_pin rise edge)
                                                      0.000     0.000 r  
    W5                                                0.000     0.000 r  clk (IN)
                         net (fo=0)                   0.000     0.000    clk
    W5                   IBUF (Prop_ibuf_I_O)         0.226     0.226 r  clk_IBUF_inst/O
                         net (fo=1, routed)           0.631     0.858    clk_IBUF
    BUFGCTRL_X0Y0        BUFG (Prop_bufg_I_O)         0.026     0.884 r  clk_IBUF_BUFG_inst/O
                         net (fo=522, routed)         0.587     1.470    clk_IBUF_BUFG
    SLICE_X58Y31         FDCE                                         r  game_state_reg[1]/C
  -------------------------------------------------------------------    -------------------
    SLICE_X58Y31         FDCE (Prop_fdce_C_Q)         0.128     1.598 f  game_state_reg[1]/Q
                         net (fo=33, routed)          0.499     2.097    u_stations/game_state[1]
    SLICE_X60Y43         LUT3 (Prop_lut3_I1_O)        0.099     2.196 f  u_stations/assembly_items[1][2]_i_2/O
                         net (fo=101, routed)         0.331     2.527    u_stations/AR[0]
    SLICE_X60Y46         FDCE                                         f  u_stations/assembly_items_reg[8][0]/CLR
  -------------------------------------------------------------------    -------------------

                         (clock sys_clk_pin rise edge)
                                                      0.000     0.000 r  
    W5                                                0.000     0.000 r  clk (IN)
                         net (fo=0)                   0.000     0.000    clk
    W5                   IBUF (Prop_ibuf_I_O)         0.414     0.414 r  clk_IBUF_inst/O
                         net (fo=1, routed)           0.685     1.099    clk_IBUF
    BUFGCTRL_X0Y0        BUFG (Prop_bufg_I_O)         0.029     1.128 r  clk_IBUF_BUFG_inst/O
                         net (fo=522, routed)         0.864     1.991    u_stations/CLK
    SLICE_X60Y46         FDCE                                         r  u_stations/assembly_items_reg[8][0]/C
                         clock pessimism             -0.498     1.493    
    SLICE_X60Y46         FDCE (Remov_fdce_C_CLR)     -0.067     1.426    u_stations/assembly_items_reg[8][0]
  -------------------------------------------------------------------
                         required time                         -1.426    
                         arrival time                           2.527    
  -------------------------------------------------------------------
                         slack                                  1.101    





